entre_rios,0,14,67
paysandu,0,28,134
sind,0,42,201
gujarat,0,57,12
kalimantan_timur,0,71,79
sabah,0,85,146
arica_y_parinacota,0,99,213
la_paz,0,114,24
oruro,0,128,91
tarapaca,0,142,158
potosi,0,156,225
antofagasta,0,171,36
tacna,0,185,103
salta,0,199,170
jujuy,0,213,237
dhekelia,0,228,48
jammu_and_kashmir,0,242,115
xinjiang,1,0,182
xizang,1,14,249
hadarom,1,29,60
gaza_strip,1,43,127
hazafon,1,57,194
west_bank,1,72,5
haifa,1,86,72
hamerkaz,1,100,139
jerusalem,1,114,206
an_nabatiyah,1,129,17
south_lebanon,1,143,84
southern_nations_nationalities_and_peoples,1,157,151
eastern_equatoria,1,171,218
somali,1,186,29
nugaal,1,200,96
mudug,1,214,163
galguduud,1,228,230
hiiraan,1,243,41
bakool,2,1,108
gedo,2,15,175
rift_valley,2,29,242
northern_areas,2,44,53
azad_kashmir,2,58,120
punjab,2,72,187
chitipa,2,86,254
mbeya,2,101,65
njombe,2,115,132
ruvuma,2,129,199
rumphi,2,144,10
nkhata_bay,2,158,77
arunachal_pradesh,2,172,144
undof,2,186,211
somaliland,2,201,22
bari,2,215,89
guyane_francaise,2,229,156
sipaliwini,2,243,223
mahaica-berbice,3,2,34
gangwon,3,16,101
kangwon-do,3,30,168
gyeonggi,3,44,235
hwanghae-bukto,3,59,46
guelmim_-_es-semara,3,73,113
western_sahara,3,87,180
laayoune_-_boujdour_-_sakia_el_hamra,3,101,247
oued_el_dahab,3,116,58
alajuela,3,130,125
rio_san_juan,3,144,192
limon,3,159,3
heredia,3,173,70
likouala,3,187,137
equateur,3,201,204
cuvette,3,216,15
plateaux,3,230,82
bandundu,3,244,149
pool,4,2,216
brazzaville,4,17,27
kinshasa_city,4,31,94
bas-congo,4,45,161
bouenza,4,59,228
niari,4,74,39
tashi_yangtse,4,88,106
lhuntshi,4,102,173
bumthang,4,116,240
chernihiv,4,131,51
gomel,4,145,118
volyn,4,159,185
brest,4,173,252
rivne,4,188,63
zhytomyr,4,202,130
kiev,4,216,197
karas,4,231,8
northern_cape,4,245,75
beqaa,5,3,142
north_lebanon,5,17,209
homs_(hims),5,32,20
tartus,5,46,87
rif_dimashq,5,60,154
st_martin,5,74,221
sint_maarten,5,89,32
fujayrah,5,103,99
musandam,5,117,166
sharjah,5,131,233
ras_al_khaymah,5,146,44
likoma,5,160,111
ferghana,5,174,178
east_kazakhstan,5,188,245
almaty,5,203,56
leninabad,5,217,123
vitebsk,5,231,190
utenos,5,246,1
vilniaus,6,4,68
grodno,6,18,135
alytaus,6,32,202
rio_grande_do_sul,6,47,13
artigas,6,61,80
salto,6,75,147
rivera,6,89,214
cerro_largo,6,104,25
rocha,6,118,92
treinta_y_tres,6,132,159
dornod,6,146,226
inner_mongol,6,161,37
bayan-olgiy,6,175,104
hovd,6,189,171
suhbaatar,6,203,238
dornogovi,6,218,49
govi-altay,6,232,116
gansu,6,246,183
bayanhongor,7,4,250
omnogovi,7,19,61
gorno-altay,7,33,128
ustecky,7,47,195
sachsen,7,62,6
liberecky,7,76,73
karlovarsky,7,90,140
bayern,7,104,207
plzensky,7,119,18
jihocesky,7,133,85
viljandi,7,147,152
rujienas,7,161,219
mazsalacas,7,176,30
parnu,7,190,97
alojas,7,204,164
valga,7,218,231
nauksenu,7,233,42
salacgrivas,7,247,109
voru,8,5,176
apes,8,19,243
valkas,8,34,54
aluksne,8,48,121
pskov,8,62,188
vilakas,8,76,255
baltinavas,8,91,66
karsavas,8,105,133
ciblas,8,119,200
ludzas,8,134,11
zilupes,8,148,78
panevezio,8,162,145
neretas,8,176,212
viesites,8,191,23
vecumnieku,8,205,90
telsiai,8,219,157
saldus,8,233,224
klaipedos,8,248,35
rucavas,9,6,102
priekules,9,20,169
vainodes,9,34,236
siauliai,9,49,47
auces,9,63,114
bauska,9,77,181
tervetes,9,91,248
jelgava,9,106,59
rundales,9,120,126
aknistes,9,134,193
ilukstes,9,149,4
daugavpils,9,163,71
troms,9,177,138
norrbotten,9,191,205
nordland,9,206,16
vasterbotten,9,220,83
jamtland,9,234,150
nord-trondelag,9,248,217
sor-trondelag,10,7,28
hedmark,10,21,95
dalarna,10,35,162
varmland,10,49,229
akershus,10,64,40
ostfold,10,78,107
vastra_gotaland,10,92,174
lapland,10,106,241
finnmark,10,121,52
kon_tum,10,135,119
rotanokiri,10,149,186
dak_nong,10,163,253
mondol_kiri,10,178,64
dak_lak,10,192,131
gia_lai,10,206,198
binh_phuoc,10,221,9
kracheh,10,235,76
tay_ninh,10,249,143
kampong_cham,11,7,210
svay_rieng,11,22,21
prey_veng,11,36,88
long_an,11,50,155
dong_thap,11,64,222
an_giang,11,79,33
kandal,11,93,100
takev,11,107,167
kien_giang,11,121,234
kampot,11,136,45
rheinland-pfalz,11,150,112
diekirch,11,164,179
grevenmacher,11,178,246
saarland,11,193,57
nord,11,207,124
west_flanders,11,221,191
hainaut,11,236,2
ardennes,11,250,69
namur,12,8,136
aisne,12,22,203
luxembourg,12,37,14
meuse,12,51,81
meurthe-et-moselle,12,65,148
liege,12,79,215
luxembourg,12,94,26
krasnodar,12,108,93
abkhazia,12,122,160
karachay-cherkess,12,136,227
kabardin-balkar,12,151,38
samegrelo-zemo_svaneti,12,165,105
north_ossetia,12,179,172
shida_kartli,12,193,239
racha-lechkhumi-kvemo_svaneti,12,208,50
ingush,12,222,117
mtskheta-mtianeti,12,236,184
chechnya,12,250,251
kakheti,13,9,62
dagestan,13,23,129
struga,13,37,196
diber,13,52,7
centar_zupa,13,66,74
debar,13,80,141
mavrovo_and_rostusa,13,94,208
gostivar,13,109,19
kukes,13,123,86
korce,13,137,153
elbasan,13,151,220
vevcani,13,166,31
ohrid,13,180,98
debarca,13,194,165
resen,13,208,232
qazax,13,223,43
decani,13,237,110
dakovica,13,251,177
dragas,14,9,244
prizren,14,24,55
ardahan,14,38,122
samtskhe-javakheti,14,52,189
artvin,14,67,0
ajaria,14,81,67
moselle,14,95,134
ceuta,14,109,201
tanger_-_tetouan,14,124,12
phongsali,14,138,79
yunnan,14,152,146
oudomxai,14,166,213
louang_namtha,14,181,24
ysyk-kol,14,195,91
naryn,14,209,158
osh,14,223,225
tavush,14,238,36
kvemo_kartli,14,252,103
lori,15,10,170
shirak,15,24,237
zhambyl,15,39,48
chuy,15,53,115
talas,15,67,182
south_kazakhstan,15,81,249
pomeroon-supenaam,15,96,60
roraima,15,110,127
potaro-siparuni,15,124,194
upper_demerara-berbice,15,139,5
para,15,153,72
schleswig-holstein,15,167,139
syddanmark,15,181,206
madre_de_dios,15,196,17
acre,15,210,84
ghadamis,15,224,151
tataouine,15,238,218
medenine,15,253,29
an_nuqat_al_khams,16,11,96
agstafa,16,25,163
tovuz,16,39,230
g@d@b@y,16,54,41
gegharkunik,16,68,108
dask@s@n,16,82,175
k@lb@c@r,16,96,242
vayots_dzor,16,111,53
syunik,16,125,120
lankaran,16,139,187
qubadli,16,153,254
z@ngilan,16,168,65
s@rur,16,182,132
ararat,16,196,199
s@d@r@k,16,211,10
kangarli,16,225,77
bab@k,16,239,144
sahbuz,16,253,211
culfa,17,12,22
ordubad,17,26,89
satu_mare,17,40,156
szabolcs-szatmar-bereg,17,54,223
arad,17,69,34
bekes,17,83,101
bihor,17,97,168
hajdu-bihar,17,111,235
csongrad,17,126,46
timis,17,140,113
jalal-abad,17,154,180
tashkent,17,168,247
namangan,17,183,58
andijon,17,197,125
batken,17,211,192
zilinsky,17,226,3
silesian,17,240,70
lesser_poland,17,254,137
presov,18,12,204
subcarpathian,18,27,15
donegal,18,41,82
derry,18,55,149
strabane,18,69,216
fermanagh,18,84,27
leitrim,18,98,94
cavan,18,112,161
monaghan,18,126,228
dungannon,18,141,39
armagh,18,155,106
newry_and_mourne,18,169,173
louth,18,183,240
lower_silesian,18,198,51
kralovehradecky,18,212,118
opole,18,226,185
olomoucky,18,240,252
pardubicky,18,255,63
moravskoslezsky,19,13,130
tadzhikistan_territories,19,27,197
gorno-badakhshan,19,42,8
dytiki_makedonia,19,56,75
ipeiros,19,70,142
gjirokaster,19,84,209
vlore,19,99,20
chitipa,19,113,87
muchinga,19,127,154
mzimba,19,141,221
eastern,19,156,32
kasungu,19,170,99
mchinji,19,184,166
transcarpathia,19,198,233
kosicky,19,213,44
northern,19,227,111
faranah,19,241,178
kindia,19,255,245
mamou,20,14,56
dabola,20,28,123
forecariah,20,42,190
gueckedou,20,57,1
eastern,20,71,68
grand_cape_mount,20,85,135
southern,20,99,202
gbapolu,20,114,13
lofa,20,128,80
vakaga,20,142,147
central_darfur,20,156,214
southern_darfur,20,171,25
haute-kotto,20,185,92
western_bahr_el_ghazal,20,199,159
haut-mbomou,20,213,226
western_equatoria,20,228,37
orientale,20,242,104
central_equatoria,21,0,171
ali_sabieh,21,14,238
arta,21,29,49
dikhil,21,43,116
afar,21,57,183
tadjourah,21,71,250
sud-kivu,21,86,61
kigoma,21,100,128
katanga,21,114,195
katavi,21,129,6
rukwa,21,143,73
obock,21,157,140
debubawi_keyih_bahri,21,171,207
niederosterreich,21,186,18
jihomoravsky,21,200,85
oberosterreich,21,214,152
dihok,21,228,219
sirnak,21,243,30
hakkari,22,1,97
arbil,22,15,164
gyor-moson-sopron,22,29,231
burgenland,22,44,42
sopron,22,58,109
vas,22,72,176
aoste,22,86,243
valais,22,101,54
verbano-cusio-ossola,22,115,121
ticino,22,129,188
varese,22,143,255
como,22,158,66
graubunden,22,172,133
sondrio,22,186,200
bozen,22,201,11
vorarlberg,22,215,78
tirol,22,229,145
west_azarbaijan,22,243,212
igdir,23,2,23
agri,23,16,90
van,23,30,157
marijampoles,23,44,224
podlachian,23,59,35
warmian-masurian,23,73,102
northern,23,87,169
groningen,23,101,236
niedersachsen,23,116,47
drenthe,23,130,114
overijssel,23,144,181
nordrhein-westfalen,23,158,248
gelderland,23,173,59
limburg,23,187,126
triesen,23,201,193
schaan,23,216,4
triesenberg,23,230,71
balzers,23,244,138
planken,24,2,205
eschen,24,17,16
mauren,24,31,83
schellenberg,24,45,150
ruggell,24,59,217
denguele,24,74,28
kankan,24,88,95
mandiana,24,102,162
beyla,24,116,229
bafing,24,131,40
dix-huit_montagnes,24,145,107
lola,24,159,174
imperia,24,173,241
alpes-maritimes,24,188,52
cuneo,24,202,119
alpes-de-haute-provence,24,216,186
hautes-alpes,24,230,253
turin,24,245,64
savoie,25,3,131
haute-savoie,25,17,198
murmansk,25,32,9
karelia,25,46,76
northern_ostrobothnia,25,60,143
kainuu,25,74,210
north_karelia,25,89,21
south_karelia,25,103,88
leningrad,25,117,155
kymenlaakso,25,131,222
al_batnah_north,25,146,33
dubay,25,160,100
neutral_zone,25,174,167
al_buraymi,25,188,234
neutral_zone,25,203,45
abu_dhabi,25,217,112
al_dhahira,25,231,179
balak@n,25,245,246
zaqatala,26,4,57
xacmaz,26,18,124
qusar,26,32,191
oguz,26,47,2
s@ki,26,61,69
qax,26,75,136
q@b@l@,26,89,203
amapa,26,104,14
samux,26,118,81
severno-backi,26,132,148
bacs-kiskun,26,146,215
zapadno-backi,26,161,26
severno-banatski,26,175,93
szeged,26,189,160
kayes,26,203,227
kedougou,26,218,38
tambacounda,26,232,105
koundara,26,246,172
kolda,27,4,239
mali,27,19,50
kebbi,27,33,117
alibori,27,47,184
niger,27,61,251
borgou,27,76,62
kwara,27,90,129
ogun,27,104,196
plateau,27,119,7
collines,27,133,74
oyo,27,147,141
lagos,27,161,208
oueme,27,176,19
cabinda,27,190,86
kouilou,27,204,153
zala,27,218,220
medimurska,27,233,31
somogy,27,247,98
viroviticko-podravska,28,5,165
koprivnicko-krizevacka,28,19,232
baranya,28,34,43
osjecko-baranjska,28,48,110
lendava,28,62,177
crensovci,28,76,244
ljutomer,28,91,55
razkrizje,28,105,122
ormoz,28,119,189
varazdinska,28,134,0
zavrc,28,148,67
gorisnica,28,162,134
videm,28,176,201
podlehnik,28,191,12
zetale,28,205,79
krapinsko-zagorska,28,219,146
rogatec,28,233,213
rogaska_slatina,28,248,24
bistrica_ob_sotli,29,6,91
podcetrtek,29,20,158
brezice,29,34,225
zagrebacka,29,49,36
krsko,29,63,103
sentjernej,29,77,170
novo_mesto,29,91,237
metlika,29,106,48
karlovacka,29,120,115
kostel,29,134,182
primorsko-goranska,29,148,249
loski_potok,29,163,60
loska_dolina,29,177,127
ilirska_bistrica,29,191,194
crnomelj,29,206,5
kocevje,29,220,72
istarska,29,234,139
hrpelje-kozina,29,248,206
koper,30,7,17
piran,30,21,84
moravske_toplice,30,35,151
salovci,30,49,218
hodos,30,64,29
gornji_petrovci,30,78,96
kuzma,30,92,163
dobrovnik,30,106,230
kobilje,30,121,41
ar_rayyan,30,135,108
ash_sharqiyah,30,149,175
north-west,30,163,242
matabeleland_north,30,178,53
central,30,192,120
matabeleland_south,30,206,187
north-east,30,220,254
burgas,30,235,65
kirklareli,30,249,132
yambol,31,7,199
edirne,31,22,10
haskovo,31,36,77
otdar_mean_chey,31,50,144
surin,31,64,211
preah_vihear,31,79,22
si_sa_ket,31,93,89
ubon_ratchathani,31,107,156
siemreab,31,121,223
banteay_meanchey,31,136,34
sa_kaeo,31,150,101
buri_ram,31,164,168
kaoh_kong,31,178,235
trat,31,193,46
pouthisat,31,207,113
batdambang,31,221,180
krong_pailin,31,235,247
chanthaburi,31,250,58
melilla,32,8,125
oriental,32,22,192
tashigang,32,37,3
assam,32,51,70
samdrup_jongkhar,32,65,137
sikkim,32,79,204
ha,32,94,15
samchi,32,108,82
west_bengal,32,122,149
geylegphug,32,136,216
chhukha,32,151,27
shemgang,32,165,94
perlis,32,179,161
satun,32,193,228
songkhla,32,208,39
kedah,32,222,106
yala,32,236,173
kelantan,32,250,240
narathiwat,33,9,51
perak,33,23,118
serravalle,33,37,185
rimini,33,51,252
domagnano,33,66,63
faetano,33,80,130
pesaro_e_urbino,33,94,197
montegiardino,33,109,8
fiorentino,33,123,75
chiesanuova,33,137,142
san_marino,33,151,209
acquaviva,33,166,20
borgo_maggiore,33,180,87
nord-est,33,194,154
monte_cristi,33,208,221
dajabon,33,223,32
centre,33,237,99
la_estrelleta,33,251,166
independencia,34,9,233
ouest,34,24,44
sud-est,34,38,111
pedernales,34,52,178
lac,34,66,245
borno,34,81,56
al_jahrah,34,95,123
al-basrah,34,109,190
al-muthannia,34,124,1
ahuachapan,34,138,68
jutiapa,34,152,135
santa_ana,34,166,202
chiquimula,34,181,13
nusa_tenggara_timur,34,195,80
ambeno,34,209,147
bobonaro,34,223,214
cova_lima,34,238,25
sarawak,34,252,92
temburong,35,10,159
kalimantan_barat,35,24,226
salzburg,35,39,37
belluno,35,53,104
karnten,35,67,171
udine,35,81,238
monaco,35,96,49
timbuktu,35,110,116
adrar,35,124,183
kranjska_gora,35,138,250
bovec,35,153,61
kobarid,35,167,128
tolmin,35,181,195
kanal,35,196,6
brda,35,210,73
gorizia,35,224,140
nova_goriska,35,238,207
sempeter-vrtojba,35,253,18
miren-kostanjevica,36,11,85
komen,36,25,152
trieste,36,39,219
sezana,36,54,30
maputo,36,68,97
lubombo,36,82,164
muyinga,36,96,231
eastern,36,111,42
kirundo,36,125,109
southern,36,139,176
ngozi,36,153,243
cibitoke,36,168,54
western,36,182,121
kayanza,36,196,188
rakhine,36,210,255
chittagong,36,225,66
chin,36,239,133
pyrenees-atlantiques,36,253,200
navarra,37,12,11
gipuzkoa,37,26,78
huesca,37,40,145
haute-garonne,37,54,212
lerida,37,69,23
hautes-pyrenees,37,83,90
ariege,37,97,157
ordino,37,111,224
canillo,37,126,35
pyrenees-orientales,37,140,102
encamp,37,154,169
la_massana,37,168,236
gerona,37,183,47
sant_julia_de_loria,37,197,114
escaldes-engordany,37,211,181
badakhshan,37,225,248
kentriki_makedonia,37,240,59
novo_selo,37,254,126
dojran,38,12,193
valandovo,38,27,4
strumitsa,38,41,71
bogdanci,38,55,138
gevgelija,38,69,205
kavadartsi,38,84,16
novaci,38,98,83
prilep,38,112,150
bitola,38,126,217
gnjilane,38,141,28
lipkovo,38,155,95
vitina,38,169,162
cucer_sandevo,38,183,229
kacanik,38,198,40
gjorce_petrov,38,212,107
saraj,38,226,174
jegunovce,38,240,241
strpce,38,255,52
tearce,39,13,119
tetovo,39,27,186
bogovinje,39,41,253
vrapciste,39,56,64
pcinjski,39,70,131
kriva_palanka,39,84,198
rankovce,39,99,9
staro_nagoricane,39,113,76
kumanovo,39,127,143
vidin,39,141,210
borski,39,156,21
zajecarski,39,170,88
pirotski,39,184,155
pernik,39,198,222
sofia,39,213,33
montana,39,227,100
jablanicki,39,241,167
kyustendil,39,255,234
delcevo,40,14,45
makedonska_kamenica,40,28,112
blagoevgrad,40,42,179
berovo,40,56,246
pehcevo,40,71,57
dubrovacko-neretvanska,40,85,124
herceg_novi,40,99,191
herzegovina-neretva,40,114,2
trebinje,40,128,69
ntungamo,40,142,136
isingiro,40,156,203
northern,40,171,14
kabale,40,185,81
kisoro,40,199,148
guantanamo_bay_usnb,40,213,215
guantanamo,40,228,26
uttaranchal,40,242,93
leposavic,41,0,160
raski,41,14,227
pomoravski,41,29,38
toplicki,41,43,105
podujevo,41,57,172
zubin_potok,41,71,239
zvecan,41,86,50
istok,41,100,117
pristina,41,114,184
kosovska_kamenica,41,128,251
rozaje,41,143,62
pec,41,157,129
berane,41,171,196
plav,41,186,7
pljevlja,41,200,74
zlatiborski,41,214,141
bijelo_polje,41,228,208
ocotepeque,41,243,19
chalatenango,42,1,86
lempira,42,15,153
cabanas,42,29,220
intibuca,42,44,31
morazan,42,58,98
la_paz,42,72,165
san_miguel,42,86,232
la_union,42,101,43
valle,42,115,110
atlantico_norte,42,129,177
olancho,42,143,244
gracias_a_dios,42,158,55
jinotega,42,172,122
el_paraiso,42,186,189
nueva_segovia,42,201,0
chinandega,42,215,67
choluteca,42,229,134
madriz,42,243,201
esmeraldas,43,2,12
narino,43,16,79
carchi,43,30,146
sucumbios,43,44,213
putumayo,43,59,24
nickerie,43,73,91
marowijne,43,87,158
tarija,43,101,225
boqueron,43,116,36
formosa,43,130,103
presidente_hayes,43,144,170
central,43,158,237
asuncion,43,173,48
alto_parana,43,187,115
misiones,43,201,182
itapua,43,215,249
neembucu,43,230,60
chaco,43,244,127
corrientes,44,2,194
misiones,44,17,5
santa_cruz,44,31,72
mato_grosso_do_sul,44,45,139
alto_paraguay,44,59,206
concepcion,44,74,17
amambay,44,88,84
canindeyu,44,102,151
parana,44,116,218
santa_catarina,44,131,29
zeeland,44,145,96
east_flanders,44,159,163
noord-brabant,44,173,230
antwerp,44,188,41
limburg,44,202,108
baden-wurttemberg,44,216,175
schaffhausen,44,230,242
thurgau,44,245,53
zurich,45,3,120
aargau,45,17,187
basel-stadt,45,31,254
basel-landschaft,45,46,65
bas-rhin,45,60,132
haute-rhin,45,74,199
sankt_gallen,45,89,10
vaduz,45,103,77
gamprin,45,117,144
solothurn,45,131,211
jura,45,146,22
territoire_de_belfort,45,160,89
doubs,45,174,156
geneve,45,188,223
ain,45,203,34
vaud,45,217,101
jura,45,231,168
neuchatel,45,245,235
orense,46,4,46
viana_do_castelo,46,18,113
pontevedra,46,32,180
braga,46,46,247
braganca,46,61,58
vila_real,46,75,125
zamora,46,89,192
salamanca,46,104,3
caceres,46,118,70
guarda,46,132,137
castelo_branco,46,146,204
badajoz,46,161,15
portalegre,46,175,82
evora,46,189,149
rogasovci,46,203,216
steiermark,46,218,27
cankova,46,232,94
gornja_radgona,46,246,161
apace,47,4,228
sentilj,47,19,39
kungota,47,33,106
maribor,47,47,173
selnica_ob_dravi,47,61,240
radlje_ob_dravi,47,76,51
muta,47,90,118
dravograd,47,104,185
podvelka,47,118,252
ravne_na_koroskem,47,133,63
prevalje,47,147,130
mezica,47,161,197
crna_na_koroskem,47,176,8
trzic,47,190,75
zirovnica,47,204,142
jesenice,47,218,209
solcava,47,233,20
jezersko,47,247,87
foca,48,5,154
zabljak,48,19,221
pluzine,48,34,32
niksic,48,48,99
kotor,48,62,166
sisacko-moslavacka,48,76,233
banja_luka,48,91,44
brodsko-posavska,48,105,111
una-sana,48,119,178
zadarska,48,133,245
doboj,48,148,56
posavina,48,162,123
vukovarsko-srijemska,48,176,190
brcko_distrikt,48,191,1
bijeljina,48,205,68
west_bosnia,48,219,135
splitsko-dalmatinska,48,233,202
west_herzegovina,48,248,13
sremski,49,6,80
macvanski,49,20,147
vlasenica,49,34,214
juzno-backi,49,49,25
bratislavsky,49,63,92
trnavsky,49,77,159
trenciansky,49,91,226
zlinsky,49,106,37
borsod-abauj-zemplen,49,120,104
banskobystricky,49,134,171
nograd,49,148,238
salgotarjan,49,163,49
nitriansky,49,177,116
komarom-esztergom,49,191,183
pest,49,205,250
lubusz,49,220,61
brandenburg,49,234,128
west_pomeranian,49,248,195
mecklenburg-vorpommern,50,7,6
mehedinti,50,21,73
dolj,50,35,140
silistra,50,49,207
calarasi,50,64,18
ruse,50,78,85
teleorman,50,92,152
giurgiu,50,106,219
constanta,50,121,30
dobrich,50,135,97
vratsa,50,149,164
olt,50,163,231
pleven,50,178,42
veliko_tarnovo,50,192,109
srednje-banatski,50,206,176
juzno-banatski,50,220,243
caras-severin,50,235,54
branicevski,50,249,121
anatoliki_makedonia_kai_thraki,51,7,188
kardzhali,51,21,255
smolyan,51,36,66
shkoder,51,50,133
andrijevica,51,64,200
podgorica,51,79,11
bar,51,93,78
ulcinj,51,107,145
botosani,51,121,212
briceni,51,136,23
edinet,51,150,90
riscani,51,164,157
glodeni,51,178,224
falesti,51,193,35
iasi,51,207,102
ungheni,51,221,169
nisporeni,51,235,236
hincesti,51,250,47
vaslui,52,8,114
leova,52,22,181
cantemir,52,36,248
cahul,52,51,59
galati,52,65,126
chernivtsi,52,79,193
suceava,52,94,4
maramures,52,108,71
ivano-frankivs'k,52,122,138
odessa,52,136,205
tulcea,52,151,16
ocnita,52,165,83
vinnytsya,52,179,150
donduseni,52,193,217
soroca,52,208,28
camenca,52,222,95
rezina,52,236,162
stinga_nistrului,52,250,229
grigoriopol,53,9,40
bender,53,23,107
stefan_voda,53,37,174
causeni,53,51,241
cimislia,53,66,52
basarabeasca,53,80,119
taraclia,53,94,186
comrat,53,108,253
lublin,53,123,64
l'viv,53,137,131
dagdas,53,151,198
kraslavas,53,166,9
kaliningrad,53,180,76
taurages,53,194,143
smolensk,53,208,210
mogilev,53,223,21
bryansk,53,237,88
sumy,53,251,155
kursk,54,9,222
belgorod,54,24,33
kharkiv,54,38,100
luhans'k,54,52,167
voronezh,54,66,234
rostov,54,81,45
donets'k,54,95,112
east_azarbaijan,54,109,179
kars,54,123,246
aragatsotn,54,138,57
armavir,54,152,124
ardebil,54,166,191
imisli,54,181,2
bil@suvar,54,195,69
c@lilabad,54,209,136
yardimli,54,223,203
lerik,54,238,14
c@brayil,54,252,81
fuzuli,55,10,148
beyl@qan,55,24,215
astara,55,39,26
gilan,55,53,93
buryat,55,67,160
hovsgol,55,81,227
tuva,55,96,38
bulgan,55,110,105
uvs,55,124,172
selenge,55,138,239
chita,55,153,50
dzavhan,55,167,117
hentiy,55,181,184
heilongjiang,55,195,251
amur,55,210,62
yevrey,55,224,129
khabarovsk,55,238,196
primor'ye,55,253,7
jilin,56,11,74
hamgyong-bukto,56,25,141
rason,56,39,208
ryanggang,56,54,19
chagang-do,56,68,86
liaoning,56,82,153
p'yongan-bukto,56,96,220
sirdaryo,56,111,31
jizzakh,56,125,98
samarkand,56,139,165
kashkadarya,56,153,232
surkhandarya,56,168,43
khatlon,56,182,110
takhar,56,196,177
kunduz,56,210,244
balkh,56,225,55
chardzhou,56,239,122
jawzjan,56,253,189
faryab,57,12,0
mary,57,26,67
badghis,57,40,134
hirat,57,54,201
ahal,57,69,12
hasaka_(al_haksa),57,83,79
mardin,57,97,146
ar_raqqah,57,111,213
sanliurfa,57,126,24
aleppo,57,140,91
kilis,57,154,158
gaziantep,57,168,225
hatay,57,183,36
idlib,57,197,103
lattakia,57,211,170
as-sulaymaniyah,57,225,237
kordestan,57,240,48
kermanshah,57,254,115
diyala,58,12,182
ilam,58,26,249
wasit,58,41,60
maysan,58,55,127
khuzestan,58,69,194
irbid,58,84,5
madaba,58,98,72
karak,58,112,139
tafilah,58,126,206
aqaba,58,141,17
balqa,58,155,84
karnali,58,169,151
mahakali,58,183,218
seti,58,198,29
dhawalagiri,58,212,96
gandaki,58,226,163
bagmati,58,240,230
janakpur,58,255,41
sagarmatha,59,13,108
bhojpur,59,27,175
mechi,59,41,242
uttar_pradesh,59,56,53
bheri,59,70,120
rapti,59,84,187
bihar,59,98,254
lumbini,59,113,65
narayani,59,127,132
kachin,59,141,199
sagaing,59,156,10
nagaland,59,170,77
manipur,59,184,144
mizoram,59,198,211
chiang_rai,59,213,22
shan,59,227,89
chiang_mai,59,241,156
mae_hong_son,59,255,223
kayah,60,14,34
kayin,60,28,101
tak,60,42,168
kanchanaburi,60,56,235
mon,60,71,46
tanintharyi,60,85,113
prachuap_khiri_khan,60,99,180
phetchaburi,60,113,247
ratchaburi,60,128,58
chumphon,60,142,125
ranong,60,156,192
bokeo,60,171,3
xaignabouri,60,185,70
phayao,60,199,137
nan,60,213,204
uttaradit,60,228,15
phitsanulok,60,242,82
loei,61,0,149
bueng_kan,61,14,216
bolikhamxai,61,29,27
nong_khai,61,43,94
nakhon_phanom,61,57,161
khammouan,61,71,228
savannakhet,61,86,39
mukdahan,61,100,106
amnat_charoen,61,114,173
saravan,61,128,240
vientiane_[prefecture],61,143,51
vientiane,61,157,118
champasak,61,171,185
dien_bien,61,185,252
louangphrabang,61,200,63
houaphan,61,214,130
son_la,61,228,197
thanh_hoa,61,243,8
nghe_an,62,1,75
xiangkhoang,62,15,142
ha_tinh,62,29,209
quang_binh,62,44,20
quang_tri,62,58,87
thua_thien_-_hue,62,72,154
xekong,62,86,221
quang_nam,62,101,32
attapu,62,115,99
kwazulu-natal,62,129,166
mokhotlong,62,143,233
free_state,62,158,44
butha-buthe,62,172,111
leribe,62,186,178
eastern_cape,62,200,245
qacha's_nek,62,215,56
thaba-tseka,62,229,123
berea,62,243,190
maseru,63,2,1
mafeteng,63,16,68
mohale's_hoek,63,30,135
quthing,63,44,202
limpopo,63,59,13
kgatleng,63,73,80
north_west,63,87,147
south-east,63,101,214
southern,63,116,25
kgalagadi,63,130,92
masvingo,63,144,159
lusaka,63,158,226
mashonaland_west,63,173,37
mashonaland_central,63,187,104
southern,63,201,171
kemo,63,215,238
ouaka,63,230,49
basse-kotto,63,244,116
mbomou,64,2,183
ombella-m'poko,64,16,250
bangui,64,31,61
lobaye,64,45,128
kagera,64,59,195
cankuzo,64,74,6
ruyigi,64,88,73
rutana,64,102,140
makamba,64,116,207
bubanza,64,131,18
bujumbura_rural,64,145,85
bujumbura_mairie,64,159,152
bururi,64,173,219
nord-kivu,64,188,30
amhara,64,202,97
gedarif,64,216,164
tigray,64,230,231
benshangul-gumaz,64,245,42
blue_nile,65,3,109
sennar,65,17,176
gambela_peoples,65,31,243
upper_nile,65,46,54
oromiya,65,60,121
jonglei,65,74,188
sila,65,88,255
salamat,65,103,66
bamingui-bangoran,65,117,133
moyen-chari,65,131,200
ouham,65,146,11
mandoul,65,160,78
logone_oriental,65,174,145
ouham-pende,65,188,212
sud,65,203,23
wouleu-ntem,65,217,90
sangha,65,231,157
ogooue-ivindo,65,245,224
cuvette-ouest,66,4,35
haut-ogooue,66,18,102
ogooue-lolo,66,32,169
ngounie,66,46,236
lekoumou,66,61,47
nyanga,66,75,114
hadjer-lamis,66,89,181
extreme-nord,66,103,248
chari-baguirmi,66,118,59
ville_de_n'djamena,66,132,126
mayo-kebbi_est,66,146,193
mayo-kebbi_ouest,66,161,4
nord,66,175,71
adamawa,66,189,138
adamaoua,66,203,205
taraba,66,218,16
nord-ouest,66,232,83
sud-ouest,66,246,150
benue,67,4,217
cross_river,67,19,28
sokoto,67,33,95
tahoua,67,47,162
dosso,67,61,229
diffa,67,76,40
maradi,67,90,107
zamfara,67,104,174
yobe,67,118,241
zinder,67,133,52
katsina,67,147,119
jigawa,67,161,186
tillaberi,67,175,253
tapoa,67,190,64
atakora,67,204,131
kompienga,67,218,198
savanes,67,233,9
upper_east,67,247,76
northern,68,5,143
kara,68,19,210
centre,68,34,21
plateaux,68,48,88
volta,68,62,155
maritime,68,76,222
zanzan,68,91,33
brong_ahafo,68,105,100
comoe,68,119,167
western,68,133,234
sud-comoe,68,148,45
leraba,68,162,112
savanes,68,176,179
komoe,68,190,246
poni,68,205,57
noumbiel,68,219,124
oudalan,68,233,191
gao,68,248,2
soum,69,6,69
mopti,69,20,136
loroum,69,34,203
yatenga,69,49,14
sourou,69,63,81
kossi,69,77,148
segou,69,91,215
banwa,69,106,26
sikasso,69,120,93
houet,69,134,160
kenedougou,69,148,227
nimba,69,163,38
cavally,69,177,105
grand_gedeh,69,191,172
bas-sassandra,69,205,239
river_gee,69,220,50
maryland,69,234,117
macenta,69,248,184
yomou,70,6,251
bong,70,21,62
nzerekore,70,35,129
gaoual,70,49,196
gabu,70,64,7
boke,70,78,74
tombali,70,92,141
siguiri,70,106,208
koulikoro,70,121,19
koubia,70,135,86
tougue,70,149,153
dinguiraye,70,163,220
stoeng_treng,70,178,31
ha_giang,70,192,98
guangxi,70,206,165
cao_bang,70,220,232
lao_cai,70,235,43
lai_chau,70,249,110
lang_son,71,7,177
quang_ninh,71,21,244
brunei_and_muara,71,36,55
tutong,71,50,122
belait,71,64,189
tripura,71,79,0
sylhet,71,93,67
meghalaya,71,107,134
dhaka,71,121,201
rangpur,71,136,12
rajshahi,71,150,79
khulna,71,164,146
cabo_delgado,71,178,213
mtwara,71,193,24
niassa,71,207,91
gibraltar,71,221,158
cadiz,71,235,225
minnesota,71,250,36
ontario,72,8,103
washington,72,22,170
british_columbia,72,36,237
idaho,72,51,48
montana,72,65,115
alberta,72,79,182
saskatchewan,72,93,249
north_dakota,72,108,60
manitoba,72,122,127
michigan,72,136,194
maine,72,151,5
quebec,72,165,72
new_brunswick,72,179,139
ohio,72,193,206
new_hampshire,72,208,17
new_york,72,222,84
vermont,72,236,151
pennsylvania,72,250,218
arizona,73,9,29
sonora,73,23,96
baja_california,73,37,163
california,73,51,230
new_mexico,73,66,41
chihuahua,73,80,108
texas,73,94,175
coahuila,73,108,242
tamaulipas,73,123,53
nuevo_leon,73,137,120
cayo,73,151,187
peten,73,165,254
orange_walk,73,180,65
corozal,73,194,132
quintana_roo,73,208,199
campeche,73,223,10
tabasco,73,237,77
chiapas,73,251,144
san_marcos,74,9,211
huehuetenango,74,24,22
quiche,74,38,89
alta_verapaz,74,52,156
guanacaste,74,66,223
rivas,74,81,34
izabal,74,95,101
cortes,74,109,168
santa_barbara,74,123,235
copan,74,138,46
zacapa,74,152,113
bocas_del_toro,74,166,180
puntarenas,74,180,247
chiriqui,74,195,58
kuna_yala,74,209,125
choco,74,223,192
embera,74,238,3
darien,74,252,70
barima-waini,75,10,137
delta_amacuro,75,24,204
bolivar,75,39,15
amazonas,75,53,82
guainia,75,67,149
vaupes,75,81,216
amazonas,75,96,27
loreto,75,110,94
orellana,75,124,161
pastaza,75,138,228
morona_santiago,75,153,39
amazonas,75,167,106
zamora_chinchipe,75,181,173
cajamarca,75,195,240
loja,75,210,51
tumbes,75,224,118
el_oro,75,238,185
piura,75,252,252
amazonas,76,11,63
chuquisaca,76,25,130
ucayali,76,39,197
pando,76,54,8
rondonia,76,68,75
el_beni,76,82,142
mato_grosso,76,96,209
puno,76,111,20
catamarca,76,125,87
atacama,76,139,154
la_rioja,76,153,221
san_juan,76,168,32
coquimbo,76,182,99
mendoza,76,196,166
region_metropolitana_de_santiago,76,210,233
valparaiso,76,225,44
maule,76,239,111
libertador_general_bernardo_o'higgins,76,253,178
neuquen,77,11,245
bio-bio,77,26,56
la_araucania,77,40,123
los_rios,77,54,190
chubut,77,69,1
los_lagos,77,83,68
rio_negro,77,97,135
aisen_del_general_carlos_ibanez_del_campo,77,111,202
santa_cruz,77,126,13
magallanes_y_antartica_chilena,77,140,80
tierra_del_fuego,77,154,147
zulia,77,168,214
la_guajira,77,183,25
cesar,77,197,92
norte_de_santander,77,211,159
tachira,77,225,226
apure,77,240,37
arauca,77,254,104
boyaca,78,12,171
vichada,78,26,238
pomeranian,78,41,49
papua,78,55,116
sandaun,78,69,183
western,78,83,250
balkan,78,98,61
mangghystau,78,112,128
qyzylorda,78,126,195
karakalpakstan,78,141,6
aqtobe,78,155,73
navoi,78,169,140
tashauz,78,183,207
khorezm,78,198,18
bukhoro,78,212,85
north_khorasan,78,226,152
golestan,78,240,219
razavi_khorasan,78,255,30
south_khorasan,79,13,97
nimroz,79,27,164
sistan_and_baluchestan,79,41,231
farah,79,56,42
k_p_,79,70,109
f_a_t_a_,79,84,176
kunar,79,98,243
nuristan,79,113,54
nangarhar,79,127,121
khost,79,141,188
paktya,79,155,255
baluchistan,79,170,66
paktika,79,184,133
zabul,79,198,200
kandahar,79,213,11
hilmand,79,227,78
north_kazakhstan,79,241,145
tyumen',79,255,212
kurgan,80,14,23
omsk,80,28,90
qostanay,80,42,157
pavlodar,80,56,224
novosibirsk,80,71,35
chelyabinsk,80,85,102
altay,80,99,169
orenburg,80,113,236
west_kazakhstan,80,128,47
saratov,80,142,114
astrakhan',80,156,181
volgograd,80,170,248
atyrau,80,185,59
mafraq,80,199,126
as_suwayda',80,213,193
dar`a,80,228,4
shamal_sina',80,242,71
al_hudud_ash_shamaliyah,81,0,138
al-anbar,81,14,205
an-najaf,81,29,16
al_jawf,81,43,83
ma`an,81,57,150
amman,81,71,217
zarqa,81,86,28
al_ahmadi,81,100,95
ninawa,81,114,162
dayr_az_zawr,81,128,229
hadramawt,81,143,40
dhofar,81,157,107
al_mahrah,81,171,174
al_wusta,81,185,241
najran,81,200,52
sa`dah,81,214,119
`asir,81,228,186
hajjah,81,242,253
jizan,82,1,64
al_jawf,82,15,131
al_kufrah,82,29,198
ennedi,82,44,9
borkou,82,58,76
murzuq,82,72,143
tibesti,82,86,210
agadez,82,101,21
tamanghasset,82,115,88
tiris_zemmour,82,129,155
tindouf,82,143,222
kanem,82,158,33
northern,82,172,100
aswan,82,186,167
al_wadi_at_jadid,82,200,234
al_bahr_al_ahmar,82,215,45
river_nile,82,229,112
red_sea,82,243,179
eastern,83,1,246
north-eastern,83,16,57
bechar,83,30,124
meknes_-_tafilalet,83,44,191
souss_-_massa_-_draa,83,59,2
dakhlet_nouadhibou,83,73,69
adrar,83,87,136
jendouba,83,101,203
el_tarf,83,116,14
kebili,83,130,81
el_oued,83,144,148
tozeur,83,158,215
tebessa,83,173,26
gafsa,83,187,93
kasserine,83,201,160
le_kef,83,215,227
souk_ahras,83,230,38
ouargla,83,244,105
kidal,84,2,172
north_darfur,84,16,239
western_darfur,84,31,50
ouaddai,84,45,117
wadi_fira,84,59,184
al_butnan,84,73,251
matruh,84,88,62
ajdabiya,84,102,129
bafata,84,116,196
oio,84,131,7
sedhiou,84,145,74
cacheu,84,159,141
ziguinchor,84,173,208
jubbada_hoose,84,188,19
coast,84,202,86
mara,84,216,153
nyanza,84,230,220
arusha,84,245,31
kilimanjaro,85,3,98
tanga,85,17,165
rakai,85,31,232
kalangala,85,46,43
buvuma,85,60,110
mayuge,85,74,177
namayingo,85,88,244
litoral,85,103,55
kie-ntem,85,117,122
centro_sur,85,131,189
wele-nzas,85,146,0
estuaire,85,160,67
brakna,85,174,134
saint-louis,85,188,201
trarza,85,203,12
gorgol,85,217,79
matam,85,231,146
guidimaka,85,245,213
hodh_ech_chargui,86,4,24
hodh_el_gharbi,86,18,91
assaba,86,32,158
western,86,46,225
cuando_cubango,86,61,36
moxico,86,75,103
north-western,86,89,170
namibe,86,103,237
kunene,86,118,48
cunene,86,132,115
omusati,86,146,182
ohangwena,86,160,249
kavango,86,175,60
caprivi,86,189,127
tete,86,203,194
mashonaland_east,86,218,5
manica,86,232,72
manicaland,86,246,139
gaza,87,4,206
zaire,87,19,17
uige,87,33,84
kasai-occidental,87,47,151
lunda_norte,87,61,218
malanje,87,76,29
lunda_sul,87,90,96
hardap,87,104,163
otjozondjupa,87,118,230
omaheke,87,133,41
ghanzi,87,147,108
central_river,87,161,175
kaffrine,87,175,242
north_bank,87,190,53
kaolack,87,204,120
upper_river,87,218,187
lower_river,87,232,254
fatick,87,247,65
west_coast,88,5,132
illizi,88,19,199
ash_shati',88,34,10
ghat,88,48,77
seno,88,62,144
yagha,88,76,211
komondjari,88,91,22
sangha-mbaere,88,105,89
est,88,119,156
nana-mambere,88,133,223
mambere-kadei,88,148,34
kaabong,88,162,101
kitgum,88,176,168
lamwo,88,190,235
amuru,88,205,46
adjumani,88,219,113
moyo,88,233,180
yumbe,88,247,247
koboko,89,6,58
mpumalanga,89,20,125
hhohho,89,34,192
manzini,89,49,3
shiselweni,89,63,70
luapula,89,77,137
copperbelt,89,91,204
central,89,106,15
koulpelogo,89,120,82
boulgou,89,134,149
donga,89,148,216
zou,89,163,27
kouffo,89,177,94
mono,89,191,161
nahouri,89,205,228
sissili,89,220,39
upper_west,89,234,106
ioba,89,248,173
nkhotakota,90,6,240
salima,90,21,51
mangochi,90,35,118
machinga,90,49,185
dedza,90,63,252
lilongwe,90,78,63
nsanje,90,92,130
chikwawa,90,106,197
mwanza,90,121,8
neno,90,135,75
ntcheu,90,149,142
zomba,90,163,209
zambezia,90,178,20
phalombe,90,192,87
mulanje,90,206,154
thyolo,90,220,221
moroto,90,235,32
western,90,249,99
kapchorwa,91,7,166
bukwa,91,21,233
amudat,91,36,44
busia,91,50,111
tororo,91,64,178
manafwa,91,78,245
bududa,91,93,56
maracha,91,107,123
arua,91,121,190
zombo,91,136,1
nebbi,91,150,68
buliisa,91,164,135
hoima,91,178,202
ntoroko,91,193,13
bundibugyo,91,207,80
kabarole,91,221,147
kasese,91,235,214
rubirizi,91,250,25
rukungiri,92,8,92
kanungu,92,22,159
debub,92,36,226
semenawi_keyih_bahri,92,51,37
gash_barka,92,65,104
kassala,92,79,171
maekel,92,93,238
ida-viru,92,108,49
polva,92,122,116
tartu,92,136,183
jogeva,92,150,250
punjab,92,165,61
rajasthan,92,179,128
alaska,92,193,195
yukon,92,208,6
white_nile,92,222,73
south_kordufan,92,236,140
unity,92,250,207
north,93,9,18
guangdong,93,23,85
vatican,93,37,152
northern_bahr_el_ghazal,93,51,219
eastern_darfur,93,66,30
naama,93,80,97
tlemcen,93,94,164
himachal_pradesh,93,108,231
northern_cyprus,93,123,42
famagusta,93,137,109
nicosia,93,151,176
larnaca,93,165,243
kashmir,93,180,54
baykonur_lease_in_qyzylorda,93,194,121
quneitra,93,208,188
akrotiri,93,222,255
limassol,93,237,66
toledo,93,251,133
beja,94,9,200
huelva,94,24,11
faro,94,38,78
thimphu,94,52,145
paro,94,66,212
gasa,94,81,23
crimea,94,95,90
kherson,94,109,157
flintshire,94,123,224
cheshire_west_and_chester,94,138,35
wrexham,94,152,102
shropshire,94,166,169
powys,94,180,236
herefordshire,94,195,47
monmouthshire,94,209,114
gloucestershire,94,223,181
scottish_borders,94,237,248
northumberland,94,252,59
cumbria,95,10,126
dumfries_and_galloway,95,24,193
brussels,95,39,4
flemish_brabant,95,53,71
walloon_brabant,95,67,138
central_bosnia,95,81,205
zenica-doboj,95,96,16
tuzla,95,110,83
sarajevo-romanija,95,124,150
sarajevo,95,138,217
bosnian_podrinje,95,153,28
grad_beograd,95,167,95
podunavski,95,181,162
guria,95,195,229
sala_ad-din,95,210,40
at-ta'mim,95,224,107
antarctica,95,238,174
auckland_islands,95,252,241
buenos_aires,96,11,52
maranhao,96,25,119
piaui,96,39,186
ceara,96,53,253
rio_grande_do_norte,96,68,64
paraiba,96,82,131
pernambuco,96,96,198
alagoas,96,111,9
sergipe,96,125,76
bahia,96,139,143
espirito_santo,96,153,210
rio_de_janeiro,96,168,21
sao_paulo,96,182,88
maldonado,96,196,155
canelones,96,210,222
montevideo,96,225,33
san_jose,96,239,100
colonia,96,253,167
soriano,97,11,234
rio_negro,97,26,45
ciudad_de_buenos_aires,97,40,112
nord,97,54,179
western_australia,97,68,246
northern_territory,97,83,57
boeny,97,97,124
sofia,97,111,191
diana,97,126,2
sava,97,140,69
analanjirofo,97,154,136
atsinanana,97,168,203
vatovavy-fitovinany,97,183,14
atsimo-atsinanana,97,197,81
anosy,97,211,148
androy,97,225,215
atsimo-andrefana,97,240,26
menabe,97,254,93
melaky,98,12,160
south_australia,98,26,227
queensland,98,41,38
new_south_wales,98,55,105
jervis_bay_territory,98,69,172
victoria,98,83,239
cuanza_sul,98,98,50
benguela,98,112,117
erongo,98,126,184
western_cape,98,140,251
maputo,98,155,62
inhambane,98,169,129
sofala,98,183,196
nampula,98,198,7
lindi,98,212,74
pwani,98,226,141
dar-es-salaam,98,240,208
jawa_timur,98,255,19
maluku,99,13,86
nusa_tenggara_barat,99,27,153
sulawesi_selatan,99,41,220
jawa_tengah,99,56,31
jawa_barat,99,70,98
jakarta_raya,99,84,165
banten,99,98,232
yogyakarta,99,113,43
sulawesi_tenggara,99,127,110
papua_barat,99,141,177
guayas,99,155,244
sulawesi_tengah,99,170,55
maluku_utara,99,184,122
galapagos,99,198,189
east_sepik,99,213,0
madang,99,227,67
morobe,99,241,134
northern,99,255,201
milne_bay,100,14,12
central,100,28,79
national_capital_district,100,42,146
gulf,100,56,213
kepulauan_riau,100,71,24
riau,100,85,91
gorontalo,100,99,158
sulawesi_utara,100,113,225
sulawesi_barat,100,128,36
cauca,100,142,103
moquegua,100,156,170
arequipa,100,170,237
ica,100,185,48
lima,100,199,115
lima_province,100,213,182
callao,100,227,249
ancash,100,242,60
la_libertad,101,0,127
lambayeque,101,14,194
santa_elena,101,29,5
manabi,101,43,72
valle_del_cauca,101,57,139
panama,101,71,206
cocle,101,86,17
sulu,101,100,84
jambi,101,114,151
sumatera_selatan,101,128,218
lampung,101,143,29
bengkulu,101,157,96
sumatera_barat,101,171,163
sumatera_utara,101,185,230
aceh,101,200,41
demerara-mahaica,101,214,108
kalimantan_tengah,101,228,175
kalimantan_selatan,101,242,242
davao_del_norte,102,1,53
veraguas,102,15,120
zamboanga_sibugay,102,29,187
palawan,102,43,254
soc_trang,102,58,65
surigao_del_norte,102,72,132
surigao_del_sur,102,86,199
agusan_del_norte,102,101,10
butuan,102,115,77
misamis_oriental,102,129,144
cagayan_de_oro,102,143,211
iligan,102,158,22
lanao_del_norte,102,172,89
zamboanga_del_sur,102,186,156
misamis_occidental,102,200,223
zamboanga_del_norte,102,215,34
zamboanga,102,229,101
lanao_del_sur,102,243,168
maguindanao,103,1,235
cotabato,103,16,46
sultan_kudarat,103,30,113
sarangani,103,44,180
general_santos,103,58,247
davao_del_sur,103,73,58
davao,103,87,125
compostela_valley,103,101,192
davao_oriental,103,116,3
trikunamalaya,103,130,70
mulativ,103,144,137
yapanaya,103,158,204
kilinochchi,103,173,15
mannarama,103,187,82
puttalama,103,201,149
gampaha,103,215,216
kolamba,103,230,27
kalutara,103,244,94
galla,104,2,161
matara,104,16,228
hambantota,104,31,39
ampara,104,45,106
madakalapuva,104,59,173
southern_leyte,104,73,240
tien_giang,104,88,51
ba_ria_-_vung_tau,104,102,118
krong_preah_sihanouk,104,116,185
ho_chi_minh_city,104,130,252
leyte,104,145,63
eastern_samar,104,159,130
biliran,104,173,197
samar,104,188,8
khanh_hoa,104,202,75
curacao,104,216,142
colon,104,230,209
antioquia,104,245,20
cordoba,105,3,87
sucre,105,17,154
bolivar,105,31,221
atlantico,105,46,32
magdalena,105,60,99
merida,105,74,166
trujillo,105,88,233
falcon,105,103,44
yaracuy,105,117,111
carabobo,105,131,178
aragua,105,145,245
vargas,105,160,56
miranda,105,174,123
anzoategui,105,188,190
sucre,105,203,1
monagas,105,217,68
cuyuni-mazaruni,105,231,135
upper_takutu-upper_essequibo,105,245,202
east_berbice-corentyne,106,4,13
essequibo_islands-west_demerara,106,18,80
coronie,106,32,147
saramacca,106,46,214
wanica,106,61,25
paramaribo,106,75,92
commewijne,106,89,159
aruba,106,103,226
andhra_pradesh,106,118,37
sud,106,132,104
ondo,106,146,171
delta,106,160,238
bayelsa,106,175,49
rivers,106,189,116
akwa_ibom,106,203,183
littoral,106,217,250
ogooue-maritime,106,232,61
pointe_noire,106,246,128
bengo,107,4,195
luanda,107,19,6
surt,107,33,73
misratah,107,47,140
al_marqab,107,61,207
tajura'_wa_an_nawahi_al_arba,107,76,18
az_zawiyah,107,90,85
gabes,107,104,152
sfax,107,118,219
mahdia,107,133,30
monastir,107,147,97
sousse,107,161,164
nabeul,107,175,231
ben_arous_(tunis_sud),107,190,42
tunis,107,204,109
manubah,107,218,176
bizerte,107,232,243
beja,107,247,54
annaba,108,5,121
skikda,108,19,188
jijel,108,33,255
bejaia,108,48,66
tizi_ouzou,108,62,133
boumerdes,108,76,200
alger,108,91,11
tipaza,108,105,78
chlef,108,119,145
mostaganem,108,133,212
oran,108,148,23
ain_temouchent,108,162,90
taza_-_al_hoceima_-_taounate,108,176,157
gharb_-_chrarda_-_beni_hssen,108,190,224
rabat_-_sale_-_zemmour_-_zaer,108,205,35
chaouia_-_ouardigha,108,219,102
grand_casablanca,108,233,169
doukkala_-_abda,108,247,236
marrakech_-_tensift_-_al_haouz,109,6,47
inchiri,109,20,114
nouakchott,109,34,181
louga,109,48,248
thies,109,63,59
dakar,109,77,126
banjul,109,91,193
biombo,109,106,4
bissau,109,120,71
quinara,109,134,138
bolama,109,148,205
boffa,109,163,16
dubreka,109,177,83
conakry,109,191,150
coyah,109,205,217
western,109,220,28
bomi,109,234,95
montserrado,109,248,162
margibi,110,6,229
grand_bassa,110,21,40
river_cess,110,35,107
sinoe,110,49,174
grand_kru,110,63,241
sud-bandama,110,78,52
lagunes,110,92,119
central,110,106,186
greater_accra,110,120,253
atlantique,110,135,64
littoral,110,149,131
colima,110,163,198
grand'anse,110,178,9
aurora,110,192,76
quezon,110,206,143
camarines_norte,110,220,210
camarines_sur,110,235,21
albay,110,249,88
sorsogon,111,7,155
lucena,111,21,222
batangas,111,36,33
cavite,111,50,100
las_pinas,111,64,167
paranaque,111,78,234
pasay,111,93,45
manila,111,107,112
navotas,111,121,179
bulacan,111,135,246
pampanga,111,150,57
bataan,111,164,124
olongapo,111,178,191
zambales,111,193,2
pangasinan,111,207,69
dagupan,111,221,136
la_union,111,235,203
ilocos_sur,111,250,14
ilocos_norte,112,8,81
cagayan,112,22,148
isabela,112,36,215
nord-ouest,112,51,26
hainan,112,65,93
nayarit,112,79,160
inagua,112,93,227
providenciales_and_west_caicos,112,108,38
south_caicos_and_east_caicos,112,122,105
middle_caicos,112,136,172
north_caicos,112,150,239
mayaguana,112,165,50
acklins,112,179,117
fujian,112,193,184
baja_california_sur,112,207,251
jubbada_dhexe,112,222,62
shabeellaha_hoose,112,236,129
banaadir,112,250,196
shabeellaha_dhexe,113,9,7
djibouti,113,23,74
as_suways,113,37,141
janub_sina',113,51,208
tabuk,113,66,19
al_madinah,113,80,86
makkah,113,94,153
al_hudaydah,113,108,220
ta`izz,113,123,31
lahij,113,137,98
`adan,113,151,165
abyan,113,165,232
shabwah,113,180,43
ash_sharqiyah_south,113,194,110
ash_sharqiyah_north,113,208,177
muscat,113,222,244
al_batnah_south,113,237,55
umm_al_qaywayn,113,251,122
ajman,114,9,189
al_wakrah,114,24,0
ad_dawhah,114,38,67
al_daayen,114,52,134
al_khawr,114,66,201
madinat_ach_shamal,114,81,12
mubarak_al-kabeer,114,95,79
hawalli,114,109,146
al_asimah,114,123,213
taoyuan,114,138,24
hsinchu,114,152,91
hsinchu_city,114,166,158
miaoli,114,180,225
taichung_city,114,195,36
changhua,114,209,103
yunlin,114,223,170
chiayi,114,237,237
tainan_city,114,252,48
kaohsiung_city,115,10,115
pingtung,115,24,182
taitung,115,38,249
hualien,115,53,60
yilan,115,67,127
new_taipei_city,115,81,194
keelung_city,115,96,5
sinaloa,115,110,72
louisiana,115,124,139
mississippi,115,138,206
alabama,115,153,17
florida,115,167,84
georgia,115,181,151
south_carolina,115,195,218
north_carolina,115,210,29
virginia,115,224,96
district_of_columbia,115,238,163
maryland,115,252,230
delaware,116,11,41
new_jersey,116,25,108
connecticut,116,39,175
rhode_island,116,53,242
massachusetts,116,68,53
ngobe_bugle,116,82,120
atlantico_sur,116,96,187
colon,116,110,254
atlantida,116,125,65
stann_creek,116,139,132
belize,116,153,199
yucatan,116,168,10
veracruz,116,182,77
jalisco,116,196,144
michoacan,116,210,211
guerrero,116,225,22
oaxaca,116,239,89
retalhuleu,116,253,156
suchitepequez,117,11,223
escuintla,117,26,34
santa_rosa,117,40,101
sonsonate,117,54,168
la_libertad,117,68,235
la_paz,117,83,46
san_vicente,117,97,113
usulutan,117,111,180
leon,117,125,247
managua,117,140,58
carazo,117,154,125
los_santos,117,168,192
herrera,117,183,3
zhejiang,117,197,70
shanghai,117,211,137
kagoshima,117,225,204
jiangsu,117,240,15
bushehr,117,254,82
hormozgan,118,12,149
tel_aviv,118,26,216
bur_sa`id,118,41,27
ad_daqahliyah,118,55,94
ash_sharqiyah,118,69,161
al_isma`iliyah,118,83,228
dumyat,118,98,39
kafr_ash_shaykh,118,112,106
al_buhayrah,118,126,173
al_iskandariyah,118,140,240
al_qubbah,118,155,51
al_jabal_al_akhdar,118,169,118
al_marj,118,183,185
benghazi,118,197,252
oita,118,212,63
fukuoka,118,226,130
saga,118,240,197
nagasaki,118,255,8
kumamoto,119,13,75
miyazaki,119,27,142
tokushima,119,41,209
kagawa,119,56,20
ehime,119,70,87
kochi,119,84,154
shimane,119,98,221
south_chungcheong,119,113,32
yamaguchi,119,127,99
tottori,119,141,166
hyogo,119,155,233
kyoto,119,170,44
fukui,119,184,111
ishikawa,119,198,178
toyama,119,212,245
niigata,119,227,56
yamagata,119,241,123
akita,119,255,190
aomori,120,14,1
iwate,120,28,68
miyagi,120,42,135
fukushima,120,56,202
ibaraki,120,71,13
chiba,120,85,80
tokyo,120,99,147
kanagawa,120,113,214
shizuoka,120,128,25
aichi,120,142,92
mie,120,156,159
wakayama,120,170,226
osaka,120,185,37
okayama,120,199,104
hiroshima,120,213,171
oregon,120,227,238
nunavut,120,242,49
newfoundland_and_labrador,121,0,116
nova_scotia,121,14,183
hokkaido,121,28,250
saint-pierre,121,43,61
miquelon-langlade,121,57,128
orissa,121,71,195
barisal,121,86,6
ayeyarwady,121,100,73
yangon,121,114,140
bago,121,128,207
phangnga,121,143,18
krabi,121,157,85
trang,121,171,152
pulau_pinang,121,185,219
selangor,121,200,30
negeri_sembilan,121,214,97
melaka,121,228,164
johor,121,242,231
pahang,122,1,42
trengganu,122,15,109
pattani,122,29,176
phatthalung,122,43,243
nakhon_si_thammarat,122,58,54
surat_thani,122,72,121
samut_songkhram,122,86,188
samut_sakhon,122,100,255
bangkok_metropolis,122,115,66
samut_prakan,122,129,133
chachoengsao,122,143,200
chon_buri,122,158,11
rayong,122,172,78
kep,122,186,145
ca_mau,122,200,212
bac_lieu,122,215,23
hau_giang,122,229,90
vinh_long,122,243,157
tra_vinh,123,1,224
ben_tre,123,16,35
dong_nam_bo,123,30,102
binh_thuan,123,44,169
ninh_thuan,123,58,236
phu_yen,123,73,47
binh_dinh,123,87,114
quang_ngai,123,101,181
da_nang,123,115,248
ninh_binh,123,130,59
nam_dinh,123,144,126
thai_binh,123,158,193
hai_phong,123,173,4
shandong,123,187,71
hebei,123,201,138
tianjin,123,215,205
p'yongan-namdo,123,230,16
hwanghae-namdo,123,244,83
incheon,124,2,150
north_jeolla,124,16,217
south_jeolla,124,31,28
south_gyeongsang,124,45,95
busan,124,59,162
ulsan,124,73,229
north_gyeongsang,124,88,40
hamgyong-namdo,124,102,107
maga_buryatdan,124,116,174
daman_and_diu,124,130,241
maharashtra,124,145,52
goa,124,159,119
karnataka,124,173,186
kerala,124,187,253
puducherry,124,202,64
tamil_nadu,124,216,131
sakhalin,124,230,198
dublin,124,245,9
dun_laoghaire-rathdown,125,3,76
wicklow,125,17,143
wexford,125,31,210
kilkenny,125,46,21
waterford,125,60,88
cork,125,74,155
cork,125,88,222
kerry,125,103,33
limerick,125,117,100
clare,125,131,167
galway,125,145,234
galway,125,160,45
mayo,125,174,112
sligo,125,188,179
limavady,125,202,246
coleraine,125,217,57
moyle,125,231,124
larne,125,245,191
carrickfergus,126,4,2
newtownabbey,126,18,69
belfast,126,32,136
north_down,126,46,203
ards,126,61,14
down,126,75,81
meath,126,89,148
fingal,126,103,215
zaporizhzhya,126,118,26
sevastopol,126,132,93
mykolayiv,126,146,160
varna,126,160,227
istanbul,126,175,38
tekirdag,126,189,105
canakkale,126,203,172
clackmannanshire,126,217,239
stirling,126,232,50
falkirk,126,246,117
west_lothian,127,4,184
edinburgh,127,18,251
midlothian,127,33,62
east_lothian,127,47,129
north_tyneside,127,61,196
south_tyneside,127,76,7
sunderland,127,90,74
durham,127,104,141
hartlepool,127,118,208
redcar_and_cleveland,127,133,19
north_yorkshire,127,147,86
east_riding_of_yorkshire,127,161,153
kingston_upon_hull,127,175,220
north_lincolnshire,127,190,31
north_east_lincolnshire,127,204,98
lincolnshire,127,218,165
norfolk,127,232,232
suffolk,127,247,43
essex,128,5,110
southend-on-sea,128,19,177
thurrock,128,33,244
kent,128,48,55
medway,128,62,122
east_sussex,128,76,189
brighton_and_hove,128,91,0
west_sussex,128,105,67
hampshire,128,119,134
portsmouth,128,133,201
southampton,128,148,12
dorset,128,162,79
bournemouth,128,176,146
poole,128,190,213
devon,128,205,24
torbay,128,219,91
plymouth,128,233,158
cornwall,128,247,225
somerset,129,6,36
north_somerset,129,20,103
bristol,129,34,170
south_gloucestershire,129,48,237
newport,129,63,48
cardiff,129,77,115
vale_of_glamorgan,129,91,182
bridgend,129,105,249
neath_port_talbot,129,120,60
swansea,129,134,127
carmarthenshire,129,148,194
pembrokeshire,129,163,5
ceredigion,129,177,72
gwynedd,129,191,139
conwy,129,205,206
denbighshire,129,220,17
halton,129,234,84
halton,129,248,151
knowsley,130,6,218
liverpool,130,21,29
sefton,130,35,96
lancashire,130,49,163
blackpool,130,63,230
south_ayrshire,130,78,41
north_ayshire,130,92,108
inverclyde,130,106,175
renfrewshire,130,120,242
west_dunbartonshire,130,135,53
argyll_and_bute,130,149,120
highland,130,163,187
moray,130,177,254
aberdeenshire,130,192,65
aberdeen,130,206,132
angus,130,220,199
dundee,130,235,10
perthshire_and_kinross,130,249,77
fife,131,7,144
chukchi_autonomous_okrug,131,21,211
austurland,131,36,22
sudurland,131,50,89
sudurnes,131,64,156
reykjavik,131,78,223
hofudborgarsvaedi,131,93,34
vesturland,131,107,101
vestfirdir,131,121,168
nordurland_vestra,131,135,235
nordurland_eystra,131,150,46
yamal-nenets,131,164,113
nenets,131,178,180
northwest_territories,131,192,247
sakha_(yakutia),131,207,58
nicas,131,221,125
liepaja,131,235,192
grobinas,131,250,3
pavilostas,132,8,70
ventspils,132,22,137
ventspils,132,36,204
dundagas,132,51,15
rojas,132,65,82
talsi,132,79,149
mersraga,132,93,216
engures,132,108,27
jurmala,132,122,94
riga,132,136,161
carnikavas,132,150,228
saulkrastu,132,165,39
limbazi,132,179,106
laane,132,193,173
harju,132,207,240
laane-viru,132,222,51
city_of_st_petersburg,132,236,118
uusimaa,132,250,185
finland_proper,133,8,252
satakunta,133,23,63
ostrobothnia,133,37,130
central_ostrobothnia,133,51,197
vasternorrland,133,66,8
gavleborg,133,80,75
uppsala,133,94,142
stockholm,133,108,209
sodermanland,133,123,20
ostergotland,133,137,87
kalmar,133,151,154
blekinge,133,165,221
skane,133,180,32
halland,133,194,99
oslo,133,208,166
buskerud,133,222,233
vestfold,133,237,44
telemark,133,251,111
aust-agder,134,9,178
vest-agder,134,23,245
rogaland,134,38,56
hordaland,134,52,123
sogn_og_fjordane,134,66,190
more_og_romsdal,134,81,1
rize,134,95,68
trabzon,134,109,135
giresun,134,123,202
ordu,134,138,13
samsun,134,152,80
sinop,134,166,147
kastamonu,134,180,214
bartin,134,195,25
zinguldak,134,209,92
duzce,134,223,159
sakarya,134,237,226
kocaeli,134,252,37
yalova,135,10,104
bursa,135,24,171
balikesir,135,38,238
izmir,135,53,49
aydin,135,67,116
mugla,135,81,183
antalya,135,95,250
mersin,135,110,61
adana,135,124,128
mount_lebanon,135,138,195
beirut,135,153,6
arkhangel'sk,135,167,73
krasnoyarsk,135,181,140
ayion_oros,135,195,207
thessalia,135,210,18
sterea_ellada,135,224,85
attiki,135,238,152
peloponnisos,135,252,219
dytiki_ellada,136,11,30
fier,136,25,97
durres,136,39,164
durres,136,53,231
lezhe,136,68,42
budva,136,82,109
tivat,136,96,176
sibensko-kninska,136,110,243
licko-senjska,136,125,54
izola,136,139,121
venezia,136,153,188
padova,136,167,255
rovigo,136,182,66
ferrara,136,196,133
ravenna,136,210,200
forli-cesena,136,225,11
ancona,136,239,78
macerata,136,253,145
fermo,137,11,212
ascoli_piceno,137,26,23
teramo,137,40,90
pescara,137,54,157
chieti,137,68,224
campobasso,137,83,35
foggia,137,97,102
barletta-andria_trani,137,111,169
bari,137,125,236
brindisi,137,140,47
lecce,137,154,114
taranto,137,168,181
matera,137,182,248
cosenza,137,197,59
crotene,137,211,126
catanzaro,137,225,193
reggio_calabria,137,240,4
vibo_valentia,137,254,71
potenza,138,12,138
salerno,138,26,205
napoli,138,41,16
caserta,138,55,83
latina,138,69,150
roma,138,83,217
viterbo,138,98,28
grosseto,138,112,95
livorno,138,126,162
pisa,138,140,229
lucca,138,155,40
massa-carrara,138,169,107
la_spezia,138,183,174
genova,138,197,241
savona,138,212,52
var,138,226,119
bouches-du-rhone,138,240,186
gard,138,254,253
herault,139,13,64
aude,139,27,131
barcelona,139,41,198
tarragona,139,56,9
castellon,139,70,76
valencia,139,84,143
alicante,139,98,210
murcia,139,113,21
almeria,139,127,88
granada,139,141,155
malaga,139,155,222
sevilla,139,170,33
setubal,139,184,100
lisboa,139,198,167
santarem,139,212,234
leiria,139,227,45
coimbra,139,241,112
aveiro,139,255,179
porto,140,13,246
la_coruna,140,28,57
lugo,140,42,124
asturias,140,56,191
cantabria,140,71,2
bizkaia,140,85,69
landes,140,99,136
gironde,140,113,203
charente-maritime,140,128,14
vendee,140,142,81
loire-atlantique,140,156,148
morbihan,140,170,215
finistere,140,185,26
cotes-d'armor,140,199,93
ille-et-vilaine,140,213,160
manche,140,227,227
calvados,140,242,38
eure,141,0,105
seine-maritime,141,14,172
somme,141,28,239
pas-de-calais,141,43,50
zuid-holland,141,57,117
noord-holland,141,71,184
friesland,141,85,251
bremen,141,100,62
hamburg,141,114,129
midtjylland,141,128,196
nordjylland,141,143,7
kommuneqarfik_sermersooq,141,157,74
nationalparken,141,171,141
qaasuitsup_kommunia,141,185,208
pituffik,141,200,19
qeqqata_kommunia,141,214,86
kommune_kujalleq,141,228,153
null,141,242,220
pitcairn_islands,142,1,31
tuamotu-gambier,142,15,98
windward_islands,142,29,165
iles_eparses_de_l'ocean_indien,142,43,232
leeward_islands,142,58,43
outer_islands,142,72,110
la_digue_and_inner_islands,142,86,177
kiribati,142,100,244
railik_chain,142,115,55
ratak_chain,142,129,122
lakshadweep,142,143,189
nueva_esparta,142,158,0
tunapuna_piarco,142,172,67
san_juan-laventille,142,186,134
diego_martin,142,200,201
port_of_spain,142,215,12
chaguanas,142,229,79
couva-tabaquite-talparo,142,243,146
san_fernando,143,1,213
penal-debe,143,16,24
siparia,143,30,91
point_fortin,143,44,158
princes_town,143,58,225
rio_claro-mayaro,143,73,36
sangre_grande,143,87,103
dependencias_federales,143,101,170
eastern_tobago,143,115,237
western_tobago,143,130,48
saint_george,143,144,115
saint_david,143,158,182
saint_andrew,143,172,249
saint_patrick,143,187,60
saint_mark,143,201,127
saint_john,143,215,194
andaman_and_nicobar,143,230,5
bonaire,143,244,72
carriacou_and_petite_martinique,144,2,139
san_andres_y_providencia,144,16,206
grenadines,144,31,17
saint_joseph,144,45,84
saint_andrew,144,59,151
saint_peter,144,73,218
saint_lucy,144,88,29
saint_james,144,102,96
saint_michael,144,116,163
christ_church,144,130,230
saint_philip,144,145,41
saint_john,144,159,108
saint_andrew,144,173,175
saint_george,144,187,242
charlotte,144,202,53
saint_david,144,216,120
saint_patrick,144,230,187
gros_islet,144,244,254
castries,145,3,65
anse-la-raye,145,17,132
soufriere,145,31,199
choiseul,145,46,10
laborie,145,60,77
vieux_fort,145,74,144
micoud,145,88,211
praslin,145,103,22
dennery,145,117,89
dauphin,145,131,156
martinique,145,145,223
saint_patrick,145,160,34
saint_david,145,174,101
saint_andrew,145,188,168
saint_john,145,202,235
saint_peter,145,217,46
saint_joseph,145,231,113
saint_paul,145,245,180
saint_george,146,3,247
saint_luke,146,18,58
saint_mark,146,32,125
guadeloupe,146,46,192
islas_de_la_bahia,146,61,3
johnston_atoll,146,75,70
saint_peter,146,89,137
saint_anthony,146,103,204
saint_georges,146,118,15
saint_paul,146,132,82
saint_philip,146,146,149
saint_peter,146,160,216
saint_george,146,175,27
saint_john,146,189,94
saint_mary,146,203,161
saint_paul_charlestown,146,217,228
saint_john_figtree,146,232,39
saint_george_gingerland,146,246,106
saint_james_windward,147,4,173
saint_thomas_lowland,147,18,240
saint_paul_capesterre,147,33,51
saint_anne_sandy_point,147,47,118
saint_thomas_middle_island,147,61,185
trinity_palmetto_point,147,75,252
saint_george_basseterre,147,90,63
saint_peter_basseterre,147,104,130
saint_mary_cayon,147,118,197
christ_church_nichola_town,147,133,8
saint_john_capesterre,147,147,75
st_eustatius,147,161,142
barbuda,147,175,209
saint_croix,147,190,20
saint_barthelemy,147,204,87
puerto_rico,147,218,154
la_altagracia,147,232,221
east_end,147,247,32
stoney_ground,148,5,99
north_side,148,19,166
the_valley,148,33,233
north_hill,148,48,44
sandy_ground,148,62,111
south_hill,148,76,178
west_end,148,90,245
blowing_point,148,105,56
the_farrington,148,119,123
sandy_hill,148,133,190
island_harbour,148,148,1
saint_john,148,162,68
saint_thomas,148,176,135
british_virgin_islands,148,190,202
saint_ann,148,205,13
trelawny,148,219,80
saint_james,148,233,147
hanover,148,247,214
westmoreland,149,6,25
saint_elizabeth,149,20,92
manchester,149,34,159
clarendon,149,48,226
saint_catherine,149,63,37
saint_andrew,149,77,104
kingston,149,91,171
saint_thomas,149,105,238
portland,149,120,49
saint_mary,149,134,116
cayman_islands,149,148,183
el_seybo,149,162,250
hato_mayor,149,177,61
samana,149,191,128
maria_trinidad_sanchez,149,205,195
espaillat,149,220,6
puerto_plata,149,234,73
nord,149,248,140
l'artibonite,150,6,207
nippes,150,21,18
barahona,150,35,85
azua,150,49,152
peravia,150,63,219
san_cristobal,150,78,30
santo_domingo,150,92,97
distrito_nacional,150,106,164
san_pedro_de_macoris,150,120,231
la_romana,150,135,42
camaguey,150,149,109
ciego_de_avila,150,163,176
holguin,150,177,243
grand_turk,150,192,54
isla_de_la_juventud,150,206,121
crooked_island_and_long_cay,150,220,188
sancti_spiritus,150,234,255
villa_clara,150,249,66
matanzas,151,7,133
exuma,151,21,200
long_island,151,36,11
rum_cay,151,50,78
black_point,151,64,145
san_salvador,151,78,212
central_andros,151,93,23
mangrove_cay,151,107,90
south_andros,151,121,157
cat_island,151,135,224
new_providence,151,150,35
north_andros,151,164,102
central_eleuthera,151,178,169
north_eleuthera,151,192,236
south_eleuthera,151,207,47
berry_islands,151,221,114
moore's_island,151,235,181
city_of_freeport,151,249,248
west_grand_bahama,152,8,59
east_grand_bahama,152,22,126
central_abaco,152,36,193
south_abaco,152,51,4
north_abaco,152,65,71
hamilton,152,79,138
smith's,152,93,205
devonshire,152,108,16
pembroke,152,122,83
city_of_hamilton,152,136,150
paget,152,150,217
warwick,152,165,28
southampton,152,179,95
sandys,152,193,162
saint_george's,152,207,229
kalmyk,152,222,40
d@v@ci,152,236,107
siy@z@n,152,250,174
xizi,153,8,241
sumqayit,153,23,52
baki,153,37,119
salyan,153,51,186
neftcala,153,65,253
lankaran,153,80,64
masalli,153,94,131
lankaran,153,108,198
mazandaran,153,123,9
heard_island_and_mcdonald_islands,153,137,76
archipel_des_kerguelen,153,151,143
archipel_des_crozet,153,165,210
tristan_da_cunha,153,180,21
la_reunion,153,194,88
riviere_du_rempart,153,208,155
pamplemousses,153,222,222
port_louis_city,153,237,33
riviere_noire,153,251,100
savanne,154,9,167
grand_port,154,23,234
flacq,154,38,45
saint_helena,154,52,112
mayotte,154,66,179
mouhili,154,80,246
andjouan,154,95,57
andjazidja,154,109,124
agalega,154,123,191
ascension,154,138,2
zanzibar_south_and_central,154,152,69
kaskazini-unguja,154,166,136
zanzibar_west,154,180,203
kusini-pemba,154,195,14
kaskazini-pemba,154,209,81
grand'anse,154,223,148
anse_boileau,154,237,215
baie_lazare,154,252,26
takamaka,155,10,93
anse_royale,155,24,160
au_cap,155,38,227
anse_aux_pins,155,53,38
pointe_la_rue,155,67,105
cascade,155,81,172
roche_caiman,155,95,239
plaisance,155,110,50
mont_fleuri,155,124,117
bel_air,155,138,184
english_river,155,152,251
anse_etoile,155,167,62
glacis,155,181,129
beau_vallon,155,195,196
bel_ombre,155,210,7
port_glaud,155,224,74
baie_sainte_anne,155,238,141
grand'anse_praslin,155,252,208
annobon,156,11,19
sao_tome,156,25,86
principe,156,39,153
bioko_norte,156,53,220
bioko_sur,156,68,31
brava,156,82,98
santa_catarina_do_fogo,156,96,165
mosteiros,156,110,232
sao_filipe,156,125,43
tarrafal,156,139,110
santa_catarina,156,153,177
ribeira_grande_de_santiago,156,167,244
praia,156,182,55
sao_domingos,156,196,122
santa_cruz,156,210,189
sao_miguel,156,225,0
maio,156,239,67
boa_vista,156,253,134
ribeira_brava,157,11,201
tarrafal_de_sao_nicolau,157,26,12
sal,157,40,79
sao_vicente,157,54,146
ribeira_grande,157,68,213
porto_novo,157,83,24
paul,157,97,91
santa_cruz_de_tenerife,157,111,158
las_palmas,157,125,225
madeira,157,140,36
kriti,157,154,103
notio_aigaio,157,168,170
paphos,157,182,237
kalkara,157,197,48
valletta,157,211,115
sliema,157,225,182
san_giljan,157,239,249
pembroke,157,254,60
naxxar,158,12,127
san_pawl_il-bahar,158,26,194
mellieha,158,41,5
mgarr,158,55,72
rabat,158,69,139
dingli,158,83,206
siggiewi,158,98,17
qrendi,158,112,84
zurrieq,158,126,151
birzebbuga,158,140,218
marsaxlokk,158,155,29
marsaskala,158,169,96
zabbar,158,183,163
xghajra,158,197,230
san_lawrenz,158,212,41
kercem,158,226,108
munxar,158,240,175
sannat,158,254,242
ghajnsielem,159,13,53
qala,159,27,120
nadur,159,41,187
xaghra,159,55,254
zebbug,159,70,65
ghasri,159,84,132
gharb,159,98,199
trapani,159,113,10
azores,159,127,77
voreio_aigaio,159,141,144
ionioi_nisoi,159,155,211
messina,159,170,22
palermo,159,184,89
agrigento,159,198,156
caltanissetta,159,212,223
ragusa,159,227,34
siracusa,159,241,101
catania,159,255,168
baleares,160,13,235
carbonia-iglesias,160,28,46
sassari,160,42,113
nuoro,160,56,180
olbia-tempio,160,70,247
oristrano,160,85,58
medio_campidano,160,99,125
cagliari,160,113,192
ogliastra,160,128,3
haute-corse,160,142,70
corse-du-sud,160,156,137
jersey,160,170,204
sark,160,185,15
isle_of_wight,160,199,82
anglesey,160,213,149
isle_of_man,160,227,216
sjaaelland,160,242,27
hovedstaden,161,0,94
eilean_siar,161,14,161
gotland,161,28,228
orkney,161,43,39
shetland_islands,161,57,106
lumparland,161,71,173
eckero,161,85,240
vardo,161,100,51
kumlinge,161,114,118
jomala,161,128,185
mariehamn,161,142,252
eysturoyar,161,157,63
tasmania,161,171,130
cocos_(keeling)_islands,161,185,197
bali,161,200,8
british_indian_ocean_territory,161,214,75
south_west,161,228,142
central_singapore,161,242,209
south_east,162,1,20
north_east,162,15,87
north_west,162,29,154
labuan,162,43,221
phuket,162,58,32
hawaii,162,72,99
okinawa,162,86,166
kinmen,162,100,233
jeju,162,115,44
kamchatka,162,129,111
saare,162,143,178
hiiu,162,157,245
kokar,162,172,56
foglo,162,186,123
sottunga,162,200,190
svalbard,162,215,1
macquarie_island,162,229,68
campbell_islands,162,243,135
antipodes_islands,163,1,202
chatham_islands_territory,163,16,13
lord_howe_island,163,30,80
kermadec_islands,163,44,147
norfolk_island,163,58,214
austral_islands,163,73,25
mangaia,163,87,92
mitiaro,163,101,159
eastern,163,115,226
vava'u,163,130,37
sigave,163,144,104
alo,163,158,171
gaga'emauga,163,172,238
gaga'ifomauga,163,187,49
vaisigano,163,201,116
satupa'itea,163,215,183
palauli,163,229,250
fa'asaleleaga,163,244,61
rennell_and_bellona,164,2,128
marquesas_islands,164,16,195
makira,164,31,6
temotu,164,45,73
malaita,164,59,140
capital_territory_(honiara),164,73,207
guadalcanal,164,88,18
central,164,102,85
penrhyn,164,116,152
western,164,130,219
tuvalu,164,145,30
isabel,164,159,97
ainaro,164,173,164
manufahi,164,187,231
manatuto,164,202,42
viqueque,164,216,109
lautem,164,230,176
baucau,164,244,243
dili,165,3,54
liquica,165,17,121
null,165,31,188
north_solomons,165,45,255
west_new_britain,165,60,66
east_new_britain,165,74,133
new_ireland,165,88,200
bangka-belitung,165,103,11
manus,165,117,78
addu,165,131,145
anetan,165,145,212
ewa,165,160,23
baiti,165,174,90
uaboe,165,188,157
nibok,165,202,224
denigomodu,165,217,35
aiwo,165,231,102
boe,165,245,169
yaren,166,3,236
meneng,166,18,47
anibare,166,32,114
ijuw,166,46,181
anabar,166,60,248
gnaviyani,166,75,59
gaafu_dhaalu,166,89,126
gaafu_alifu,166,103,193
alifu_dhaalu,166,118,4
kaafu,166,132,71
alifu_alifu,166,146,138
baa,166,160,205
lhaviyani,166,175,16
tawi-tawi,166,189,83
kosrae,166,203,150
raa,166,217,217
shaviyani,166,232,28
basilan,166,246,95
pohnpei,167,4,162
chuuk,167,18,229
camiguin,167,33,40
siquijor,167,47,107
bohol,167,61,174
guimaras,167,75,241
bacolod,167,90,52
negros_occidental,167,104,119
negros_oriental,167,118,186
cebu,167,132,253
mandaue,167,147,64
cebu,167,161,131
puerto_princesa,167,175,198
tacloban,167,190,9
ormoc,167,204,76
aklan,167,218,143
antique,167,232,210
iloilo,167,247,21
iloilo,168,5,88
capiz,168,19,155
romblon,168,33,222
northern_samar,168,48,33
masbate,168,62,100
mindoro_oriental,168,76,167
mindoro_occidental,168,90,234
marinduque,168,105,45
catanduanes,168,119,112
batanes,168,133,179
south_georgia_and_the_south_sandwich_islands,168,147,246
bouvet_island,168,162,57
falkland_islands,168,176,124
iles_saint-paul_et_nouvelle-amsterdam,168,190,191
sud,168,205,2
iles_loyaute,168,219,69
eua,168,233,136
rarotonga,168,247,203
tongatapu,169,6,14
tafea,169,20,81
ha'apai,169,34,148
rodrigues,169,48,215
niue,169,63,26
western,169,77,93
central,169,91,160
shefa,169,105,227
northern,169,120,38
malampa,169,134,105
sanma,169,148,172
niuas,169,162,239
penama,169,177,50
western,169,191,117
eastern,169,205,184
manu's,169,219,251
torba,169,234,62
atua,169,248,129
va'a-o-fonoti,170,6,196
tuamasaga,170,21,7
a'ana,170,35,74
aiga-i-le-tai,170,49,141
`uvea,170,63,208
rotuma,170,78,19
choiseul,170,92,86
peleliu,170,106,153
koror,170,120,220
ngeremlengui,170,135,31
ngatpang,170,149,98
aimeliik,170,163,165
airai,170,177,232
ngchesar,170,192,43
melekeok,170,206,110
ngiwal,170,220,177
ngaraard,170,234,244
ngarchelong,170,249,55
ngardmau,171,7,122
yap,171,21,189
guam,171,36,0
rota,171,50,67
tinian,171,64,134
saipan,171,78,201
paracel_islands,171,93,12
northern_islands,171,107,79
las_tunas,171,121,146
mayabeque,171,135,213
ciudad_de_la_habana,171,150,24
artemisa,171,164,91
pinar_del_rio,171,178,158
cienfuegos,171,192,225
granma,171,207,36
santiago_de_cuba,171,221,103
penghu,171,235,170
al_manamah,171,249,237
ash_shamaliyah,172,8,48
al_janubiyah,172,22,115
al_wusta,172,36,182
prince_edward_island,172,50,249
coral_sea_islands,172,65,60
mauke,172,79,127
atiu,172,93,194
aitutaki,172,108,5
rose_atoll,172,122,72
swain's_island,172,136,139
pukapuka,172,150,206
christmas_island,172,165,17
manihiki,172,179,84
rakahanga,172,193,151
tokelau,172,207,218
jarvis_island,172,222,29
baker_island,172,236,96
howland_island,172,250,163
laamu,173,8,230
thaa,173,23,41
dhaalu,173,37,108
meemu,173,51,175
hatobohei,173,65,242
faafu,173,80,53
vaavu,173,94,120
null,173,108,187
male,173,122,254
sonsorol,173,137,65
noonu,173,151,132
haa_dhaalu,173,165,199
haa_alifu,173,180,10
angaur,173,194,77
spratly_islands,173,208,144
null,173,222,211
null,173,237,22
wake_atoll,173,251,89
bimini,174,9,156
midway_islands,174,23,223
isles_of_scilly,174,38,34
palmerston,174,52,101
clipperton_island,174,66,168
saba,174,80,235
navassa_island,174,95,46
salt_cay,174,109,113
macau,174,123,180
ragged_island,174,137,247
islands,174,152,58
southern,174,166,125
central_and_western,174,180,192
wan_chai,174,195,3
eastern,174,209,70
tsuen_wan,174,223,137
null,174,237,204
tai_po,174,252,15
sha_tin,175,10,82
sai_kung,175,24,149
kwun_tong,175,38,216
kowloon_city,175,53,27
yau_tsim_mong,175,67,94
sham_shui_po,175,81,161
kwai_tsing,175,95,228
tuen_mun,175,110,39
yuen_long,175,124,106
lemland,175,138,173
brando,175,152,240
null,175,167,51
the_snares,175,181,118
southland,175,195,185
marlborough_district,175,209,252
nelson_city,175,224,63
tasman_district,175,238,130
west_coast,175,252,197
otago,176,11,8
canterbury,176,25,75
auckland,176,39,142
waikato,176,53,209
three_kings_islands,176,68,20
wellington,176,82,87
manawatu-wanganui,176,96,154
taranaki,176,110,221
northland,176,125,32
bay_of_plenty,176,139,99
gisborne_district,176,153,166
hawke's_bay,176,167,233
ashmore_and_cartier_islands,176,182,44
palmyra_atoll,176,196,111
kayangel,176,210,178
lapu-lapu,176,224,245
redonda,176,239,56
harbour_island,176,253,123
spanish_wells,177,11,190
al_muharraq,177,26,1
midlands,177,40,68
harare,177,54,135
bulawayo,177,68,202
ma'rib,177,83,13
sana'a,177,97,80
raymah,177,111,147
al_bayda',177,125,214
amran,177,140,25
al_dali',177,154,92
ibb,177,168,159
al_mahwit,177,182,226
dhamar,177,197,37
hoa_binh,177,211,104
tuyen_quang,177,225,171
yen_bai,177,239,238
vinh_phuc,177,254,49
phu_tho,178,12,116
ha_noi,178,26,183
dong_bac,178,40,250
dong_bang_song_hong,178,55,61
bac_ninh,178,69,128
bac_giang,178,83,195
thai_nguyen,178,98,6
hai_duong,178,112,73
ha_nam,178,126,140
binh_duong,178,140,207
lam_dong,178,155,18
can_tho,178,169,85
tacuarembo,178,183,152
durazno,178,197,219
flores,178,212,30
florida,178,226,97
lavalleja,178,240,164
guarico,178,254,231
cojedes,179,13,42
distrito_capital,179,27,109
barinas,179,41,176
lara,179,55,243
portuguesa,179,70,54
poltava,179,84,121
khmel'nyts'kyy,179,98,188
ternopil',179,112,255
dnipropetrovs'k,179,127,66
cherkasy,179,141,133
kirovohrad,179,155,200
siliana,179,170,11
sidi_bou_zid,179,184,78
kairouan,179,198,145
zaghouan,179,212,212
bern,179,227,23
lucerne,179,241,90
zug,179,255,157
uri,180,13,224
schwyz,180,28,35
glarus,180,42,102
nidwalden,180,56,169
fribourg,180,70,236
obwalden,180,85,47
pesnica,180,99,114
duplek,180,113,181
miklavz_na_dravskem_polju,180,127,248
hoce-slivnica,180,142,59
lenart,180,156,126
sveta_ana,180,170,193
lovrenc_na_pohorju,180,185,4
ribnica_na_pohorju,180,199,71
slovenj_gradec,180,213,138
vuzenica,180,227,205
chimbu,180,242,16
enga,181,0,83
western_highlands,181,14,150
southern_highlands,181,28,217
eastern_highlands,181,43,28
criuleni,181,57,95
straseni,181,71,162
anenii_noi,181,85,229
orhei,181,100,40
transnistria,181,114,107
chisinau,181,128,174
telenesti,181,142,241
soldanesti,181,157,52
floresti,181,171,119
rezina,181,185,186
ialoveni,181,199,253
bolu,181,214,64
ankara,181,228,131
bilecik,181,242,198
eskisehir,182,1,9
cankiri,182,15,76
karabuk,182,29,143
jharkhand,182,43,210
delhi,182,58,21
dadra_and_nagar_haveli,182,72,88
chandigarh,182,86,155
madhya_pradesh,182,100,222
utah,182,115,33
wyoming,182,129,100
nevada,182,143,167
colorado,182,157,234
south_dakota,182,172,45
nebraska,182,186,112
kansas,182,200,179
oklahoma,182,214,246
iowa,182,229,57
missouri,182,243,124
arima,183,1,191
khon_kaen,183,16,2
sakon_nakhon,183,30,69
suphan_buri,183,44,136
sing_buri,183,58,203
chai_nat,183,73,14
ang_thong,183,87,81
saraburi,183,101,148
nakhon_ratchasima,183,115,215
nakhon_nayok,183,130,26
pathum_thani,183,144,93
uthai_thani,183,158,160
kalasin,183,172,227
roi_et,183,187,38
maha_sarakham,183,201,105
nong_bua_lam_phu,183,215,172
lop_buri,183,229,239
udon_thani,183,244,50
phra_nakhon_si_ayutthaya,184,2,117
nonthaburi,184,16,184
nakhon_pathom,184,30,251
kamphaeng_phet,184,45,62
lampang,184,59,129
sukhothai,184,73,196
nakhon_sawan,184,88,7
phetchabun,184,102,74
phichit,184,116,141
chaiyaphum,184,130,208
phrae,184,145,19
lamphun,184,159,86
prachin_buri,184,173,153
yasothon,184,187,220
ermera,184,202,31
aileu,184,216,98
nantou,184,230,165
tokat,184,244,232
sivas,185,3,43
corum,185,17,110
amasya,185,31,177
morogoro,185,45,244
dodoma,185,60,55
manyara,185,74,122
semnan,185,88,189
zanjan,185,103,0
qazvin,185,117,67
taipei_city,185,131,134
chiayi_city,185,145,201
hamah,185,160,12
preddvor,185,174,79
sencur,185,188,146
cerklje_na_gorenjskem,185,202,213
kamnik,185,217,24
medvode,185,231,91
kranj,185,245,158
skofja_loka,186,3,225
zelezniki,186,18,36
bohinj,186,32,103
naklo,186,46,170
radovljica,186,60,237
sostanj,186,75,48
ljubno,186,89,115
luce,186,103,182
lukovica,186,117,249
benedikt,186,132,60
lasko,186,146,127
dobje,186,160,194
ruse,186,175,5
vodice,186,189,72
komenda,186,203,139
menges,186,217,206
vrhnika,186,232,17
horjul,186,246,84
cerkvenjak,187,4,151
trzin,187,18,218
puconci,187,33,29
grad,187,47,96
murska_sobota,187,61,163
sveti_andraz_v_slovenskih_goricah,187,75,230
brezovica,187,90,41
dobrova-polhov_gradec,187,104,108
gorenja_vas-poljane,187,118,175
logatec,187,132,242
trnovska_vas,187,147,53
destrnik,187,161,120
race-fram,187,175,187
starse,187,189,254
vransko,187,204,65
velenje,187,218,132
polzela,187,232,199
smartno_ob_paki,187,247,10
mozirje,188,5,77
vitanje,188,19,144
vojnik,188,33,211
zrece,188,48,22
mislinja,188,62,89
zasavska,188,76,156
litija,188,90,223
gornji_grad,188,105,34
cerknica,188,119,101
velike_lasce,188,133,168
borovnica,188,147,235
postojna,188,162,46
pivka,188,176,113
dobrna,188,190,180
celje,188,204,247
nazarje,188,219,58
domzale,188,233,125
ivancna_gorica,188,247,192
ljubljana,189,6,3
smartno_in_litiji,189,20,70
ig,189,34,137
dol_pri_ljubljani,189,48,204
prebold,189,63,15
moravce,189,77,82
appenzell_ausserrhoden,189,91,149
appenzell_innerrhoden,189,105,216
vastmanland,189,120,27
jonkoping,189,134,94
orebro,189,148,161
kronoberg,189,162,228
para,189,177,39
brokopondo,189,191,106
gezira,189,205,173
khartoum,189,219,240
north_kordufan,189,234,51
lakes,189,248,118
warrap,190,6,185
zaragoza,190,20,252
la_rioja,190,35,63
alava,190,49,130
albacete,190,63,197
teruel,190,78,8
cuenca,190,92,75
toledo,190,106,142
leon,190,120,209
soria,190,135,20
burgos,190,149,87
avila,190,163,154
gauteng,190,177,221
dobrepolje,190,192,32
radece,190,206,99
store,190,220,166
slovenske_konjice,190,234,233
ziri,190,249,44
oplotnica,191,7,111
cerkno,191,21,178
bled,191,35,245
ajdovscina,191,50,56
divaca,191,64,123
idrija,191,78,190
vipava,191,93,1
bloke,191,107,68
sentjur_pri_celju,191,121,135
kozje,191,135,202
smarje_pri_jelsah,191,150,13
sevnica,191,164,80
mirna_pec,191,178,147
trebnje,191,192,214
zuzemberk,191,207,25
turnisce,191,221,92
radenci,191,235,159
sveti_jurij,191,249,226
velika_polana,192,8,37
beltinci,192,22,104
verzej,192,36,171
odranci,192,50,238
diourbel,192,65,49
ar_riyad,192,79,116
al_quassim,192,93,183
ha'il,192,107,250
al_bahah,192,122,61
cluj,192,136,128
bistrita-nasaud,192,150,195
salaj,192,165,6
dambovita,192,179,73
ilfov,192,193,140
arges,192,207,207
gorj,192,222,18
hunedoara,192,236,85
valcea,192,250,152
prahova,193,8,219
covasna,193,23,30
vrancea,193,37,97
buzau,193,51,164
brasov,193,65,231
sibiu,193,80,42
mures,193,94,109
harghita,193,108,176
neamt,193,122,243
bacau,193,137,54
alba,193,151,121
grosuplje,193,165,188
skofljica,193,179,255
hrastnik,193,194,66
zalec,193,208,133
trbovlje,193,222,200
braslovce,193,237,11
tabor,193,251,78
krsko,194,9,145
hajdina,194,23,212
ptuj,194,38,23
majsperk,194,52,90
slovenska_bistrica,194,66,157
markovci,194,80,224
kidricevo,194,95,35
dornava,194,109,102
krizevci,194,123,169
jursinci,194,137,236
semic,194,152,47
dolenjske_toplice,194,166,114
sodrazica,194,180,181
ribnica,194,194,248
skocjan,194,209,59
nisavski,194,223,126
pomoravski,194,237,193
sumadijski,194,252,4
moravicki,195,10,71
kolubarski,195,24,138
oppland,195,38,205
kuala_lumpur,195,53,16
putrajaya,195,67,83
dowa,195,81,150
balaka,195,95,217
chiradzulu,195,110,28
blantyre,195,124,95
ntchisi,195,138,162
kauno,195,152,229
valverde,195,167,40
santiago_rodriguez,195,181,107
la_vega,195,195,174
hermanas,195,209,241
duarte,195,224,52
santiago,195,238,119
bahoruco,195,252,186
san_juan,196,10,253
naxcivan,196,25,64
susa,196,39,131
xocali,196,53,198
susa,196,68,9
agdam,196,82,76
t@rt@r,196,96,143
goranboy,196,110,210
xocav@nd,196,125,21
hajigabul,196,139,88
abseron,196,153,155
xanlar,196,167,222
kurd@mir,196,182,33
z@rdab,196,196,100
sabirabad,196,210,167
shirvan,196,224,234
kamuli,196,239,45
luuka,196,253,112
buyende,197,11,179
jinja,197,25,246
apac,197,40,57
nakasongola,197,54,124
masindi,197,68,191
kayunga,197,83,2
luweero,197,97,69
amolatar,197,111,136
mityana,197,125,203
kiboga,197,140,14
mpigi,197,154,81
butambala,197,168,148
gomba,197,182,215
wakiso,197,197,26
nakaseke,197,211,93
kyankwanzi,197,225,160
kaberamaido,197,239,227
dokolo,197,254,38
kyenjojo,198,12,105
kamwenge,198,26,172
kyegegwa,198,40,239
sembabule,198,55,50
kibale,198,69,117
mubende,198,83,184
braila,198,97,251
ialomita,198,112,62
umm_salal,198,126,129
viseu,198,140,196
agusan_del_sur,198,155,7
bukidnon,198,169,74
cotabato,198,183,141
south_cotabato,198,197,208
cusco,198,212,19
ayacucho,198,226,86
apurimac,198,240,153
huancavelica,198,254,220
san_martin,199,13,31
huanuco,199,27,98
pasco,199,41,165
junin,199,55,232
san_pedro,199,70,43
caaguazu,199,84,110
cordillera,199,98,177
caazapa,199,112,244
paraguari,199,127,55
guaira,199,141,122
f_c_t_,199,155,189
matagalpa,199,170,0
boaco,199,184,67
chontales,199,198,134
esteli,199,212,201
granada,199,227,12
masaya,199,241,79
flevoland,199,255,146
utrecht,200,13,213
fes_-_boulemane,200,28,24
tadla_-_azilal,200,42,91
mojkovac,200,56,158
cetinje,200,70,225
savnik,200,85,36
kolasin,200,99,103
danilovgrad,200,113,170
calarasi,200,127,237
drochia,200,142,48
singerei,200,156,115
balti,200,170,182
analamanga,200,184,249
betsiboka,200,199,60
bongolava,200,213,127
vakinankaratra,200,227,194
amoron'i_mania,200,242,5
alaotra-mangoro,201,0,72
smiltenes,201,14,139
balvu,201,28,206
strencu,201,43,17
beverinas,201,57,84
burtnieku,201,71,151
kocenu,201,85,218
rezeknes,201,100,29
vecpiebalgas,201,114,96
raunas,201,128,163
priekulu,201,142,230
pargaujas,201,157,41
krimuldas,201,171,108
gulbene,201,185,175
rugaju,201,199,242
jaunpiebalgas,201,214,53
aglonas,201,228,120
riebinu,201,242,187
vilanu,202,0,254
babites,202,15,65
garkalnes,202,29,132
kekavas,202,43,199
marupes,202,58,10
olaines,202,72,77
salaspils,202,86,144
stopinu,202,100,211
sejas,202,115,22
malpils,202,129,89
siguldas,202,143,156
madona,202,157,223
lubanas,202,172,34
varaklanu,202,186,101
amatas,202,200,168
erglu,202,214,235
cesvaines,202,229,46
ogre,202,243,113
ropazu,203,1,180
ikskiles,203,15,247
baldones,203,30,58
keguma,203,44,125
iecavas,203,58,192
plavinu,203,73,3
kokneses,203,87,70
aizkraukles,203,101,137
skriveru,203,115,204
lielvardes,203,130,15
jaunjelgavas,203,144,82
preilu,203,158,149
livanu,203,172,216
varkavas,203,187,27
jekabpils,203,201,94
krustpils,203,215,161
salas,203,229,228
aizputes,203,244,39
kuldigas,204,2,106
alsungas,204,16,173
skrundas,204,30,240
kandavas,204,45,51
tukums,204,59,118
dobele,204,73,185
jaunpils,204,87,252
brocenu,204,102,63
ozolnieku,204,116,130
bishkek,204,130,197
al_farwaniyah,204,145,8
orahovac,204,159,75
srbica,204,173,142
klina,204,187,209
kosovska_mitrovica,204,202,20
glogovac,204,216,87
malisevo,204,230,154
nairobi,204,244,221
central,205,3,32
ajlun,205,17,99
jarash,205,31,166
gunma,205,45,233
nagano,205,60,44
tochigi,205,74,111
gifu,205,88,178
shiga,205,102,245
saitama,205,117,56
yamanashi,205,131,123
nara,205,145,190
haut-sassandra,205,160,1
agneby,205,174,68
n'zi-comoe,205,188,135
marahoue,205,202,202
fromager,205,217,13
vallee_du_bandama,205,231,80
lacs,205,245,147
worodougou,206,3,214
kildare,206,18,25
carlow,206,32,92
laoighis,206,46,159
south_dublin,206,60,226
offaly,206,75,37
westmeath,206,89,104
longford,206,103,171
roscommon,206,117,238
north_tipperary,206,132,49
south_tipperary,206,146,116
waterford,206,160,183
limerick,206,174,250
comayagua,206,189,61
yoro,206,203,128
francisco_morazan,206,217,195
kissidougou,206,232,6
kerouane,206,246,73
telimele,207,4,140
lelouma,207,18,207
dalaba,207,33,18
labe,207,47,85
pita,207,61,152
kouroussa,207,75,219
fria,207,90,30
chimaltenango,207,104,97
sacatepequez,207,118,164
guatemala,207,132,231
jalapa,207,147,42
el_progreso,207,161,109
solola,207,175,176
quezaltenango,207,189,243
baja_verapaz,207,204,54
totonicapan,207,218,121
ashanti,207,232,188
eastern,207,246,255
hessen,208,5,66
thuringen,208,19,133
sachsen-anhalt,208,33,200
berlin,208,48,11
moyen-ogooue,208,62,78
rapla,208,76,145
jarva,208,90,212
anseba,208,105,23
cuscatlan,208,119,90
san_salvador,208,133,157
al_qahirah,208,147,224
al_jizah,208,162,35
al_minya,208,176,102
al_fayyum,208,190,169
bani_suwayf,208,204,236
al_minufiyah,208,219,47
al_qalyubiyah,208,233,114
al_gharbiyah,208,247,181
suhaj,209,5,248
qina,209,20,59
asyut,209,34,126
azuay,209,48,193
canar,209,63,4
napo,209,77,71
tungurahua,209,91,138
chimborazo,209,105,205
bolivar,209,120,16
imbabura,209,134,83
cotopaxi,209,148,150
los_rios,209,162,217
pichincha,209,177,28
santo_domingo_de_los_tsachilas,209,191,95
monsenor_nouel,209,205,162
sanchez_ramirez,209,219,229
san_jose_de_ocoa,209,234,40
monte_plata,209,248,107
bjelovarsko-bilogorska,210,6,174
grad_zagreb,210,20,241
brodsko-posavska,210,35,52
san_jose,210,49,119
cartago,210,63,186
caqueta,210,77,253
huila,210,92,64
guaviare,210,106,131
caldas,210,120,198
casanare,210,135,9
meta,210,149,76
bogota,210,163,143
santander,210,177,210
tolima,210,192,21
quindio,210,206,88
cundinamarca,210,220,155
risaralda,210,234,222
beijing,210,249,33
kasai-oriental,211,7,100
maniema,211,21,167
sichuan,211,35,234
chongqing,211,50,45
guizhou,211,64,112
hunan,211,78,179
ningxia,211,92,246
shaanxi,211,107,57
qinghai,211,121,124
shanxi,211,135,191
jiangxi,211,150,2
henan,211,164,69
hubei,211,178,136
anhui,211,192,203
barh_el_gazel,211,207,14
tandjile,211,221,81
logone_occidental,211,235,148
guera,211,249,215
batha,212,8,26
ouest,212,22,93
centre,212,36,160
kampong_chhnang,212,50,227
kampong_thum,212,65,38
kampong_spoe,212,79,105
phnom_penh,212,93,172
goias,212,107,239
distrito_federal,212,122,50
minas_gerais,212,136,117
tocantins,212,150,184
kweneng,212,164,251
gaborone,212,179,62
jwaneng,212,193,129
cochabamba,212,207,196
chirang,212,222,7
wangdi_phodrang,212,236,74
daga,212,250,141
punakha,213,8,208
mongar,213,23,19
tongsa,213,37,86
pemagatsel,213,51,153
minsk,213,65,220
saint_george,213,80,31
saint_thomas,213,94,98
saatli,213,108,165
b@rd@,213,122,232
s@mkir,213,137,43
agsu,213,151,110
nana-grebizi,213,165,177
samaxi,213,179,244
quba,213,194,55
ucar,213,208,122
qobustan,213,222,189
ismayilli,213,237,0
yevlakh_rayon,213,251,67
g@nc@,214,9,134
ming@cevir,214,23,201
goycay,214,38,12
agdas,214,52,79
agcab@di,214,66,146
australian_capital_territory,214,80,213
wien,214,95,24
kotayk,214,109,91
erevan,214,123,158
santa_fe,214,137,225
tucuman,214,152,36
santiago_del_estero,214,166,103
san_luis,214,180,170
la_pampa,214,194,237
cordoba,214,209,48
bie,214,223,115
cuanza_norte,214,237,182
huila,214,251,249
huambo,215,10,60
setif,215,24,127
bordj_bou_arreridj,215,38,194
bouira,215,53,5
blida,215,67,72
tissemsilt,215,81,139
ain_defla,215,95,206
relizane,215,110,17
el_bayadh,215,124,84
saida,215,138,151
sidi_bel_abbes,215,152,218
mascara,215,167,29
ghardaia,215,181,96
laghouat,215,195,163
medea,215,209,230
tiaret,215,224,41
m'sila,215,238,108
batna,215,252,175
khenchela,216,10,242
guelma,216,25,53
constantine,216,39,120
mila,216,53,187
oum_el_bouaghi,216,67,254
biskra,216,82,65
djelfa,216,96,132
berat,216,110,199
uruzgan,216,125,10
ghazni,216,139,77
parwan,216,153,144
kabul,216,167,211
laghman,216,182,22
logar,216,196,89
kapisa,216,210,156
wardak,216,224,223
bamyan,216,239,34
parwan,216,253,101
sari_pul,217,11,168
ghor,217,25,235
baghlan,217,40,46
samangan,217,54,113
uruzgan,217,68,180
caerphilly,217,82,247
rhondda_cynon_taff,217,97,58
blaenau_gwent,217,111,125
oyam,217,125,192
lira,217,140,3
kole,217,154,70
pader,217,168,137
ibanda,217,182,204
mbarara,217,197,15
gulu,217,211,82
kiryandongo,217,225,149
iganga,217,239,216
lwengo,217,254,27
bukomansimbi,218,12,94
kalungu,218,26,161
kampala,218,40,228
kaliro,218,55,39
agago,218,69,106
kotido,218,83,173
abim,218,97,240
otuke,218,112,51
alebtong,218,126,118
amuria,218,140,185
katakwi,218,154,252
serere,218,169,63
soroti,218,183,130
pallisa,218,197,197
mbarara,218,212,8
lyantonde,218,226,75
masaka,218,240,142
torfaen,218,254,209
merthyr_tydfil,219,13,20
north_lanarkshire,219,27,87
east_dunbartonshire,219,41,154
glasgow,219,55,221
east_renfrewshire,219,70,32
east_ayrshire,219,84,99
south_lanarkshire,219,98,166
magherafelt,219,112,233
omagh,219,127,44
mid_ulster,219,141,111
craigavon,219,155,178
banbridge,219,169,245
antrim,219,184,56
lisburn,219,198,123
ballymoney,219,212,190
ballymena,219,227,1
castlereagh,219,241,68
wandsworth,219,255,135
merton,220,13,202
westminster,220,28,13
kensington_and_chelsea,220,42,80
hounslow,220,56,147
ealing,220,70,214
hammersmith_and_fulham,220,85,25
stockton-on-tees,220,99,92
darlington,220,113,159
middlesbrough,220,127,226
richmond_upon_thames,220,142,37
city,220,156,104
tower_hamlets,220,170,171
gateshead,220,184,238
newcastle_upon_tyne,220,199,49
york,220,213,116
merseyside,220,227,183
enfield,220,241,250
hertfordshire,221,0,61
barnet,221,14,128
waltham_forest,221,28,195
redbridge,221,43,6
havering,221,57,73
cambridgeshire,221,71,140
bexley,221,85,207
sutton,221,100,18
milton_keynes,221,114,85
buckinghamshire,221,128,152
hillingdon,221,142,219
brent,221,157,30
luton,221,171,97
harrow,221,185,164
central_bedfordshire,221,199,231
bedford,221,214,42
rutland,221,228,109
nottinghamshire,221,242,176
northamptonshire,222,0,243
camden,222,15,54
islington,222,29,121
peterborough,222,43,188
lambeth,222,57,255
southwark,222,72,66
doncaster,222,86,133
croydon,222,100,200
lewisham,222,115,11
haringey,222,129,78
kingston_upon_thames,222,143,145
newham,222,157,212
greenwich,222,172,23
hackney,222,186,90
barking_and_dagenham,222,200,157
leicestershire,222,214,224
cheshire_east,222,229,35
derbyshire,222,243,102
rotherham,223,1,169
sheffield,223,15,236
stoke-on-trent,223,30,47
telford_and_wrekin,223,44,114
staffordshire,223,58,181
bromley,223,72,248
worcestershire,223,87,59
warwickshire,223,101,126
oxfordshire,223,115,193
wigan,223,130,4
stockport,223,144,71
warrington,223,158,138
west_berkshire,223,172,205
wokingham,223,187,16
bracknell_forest,223,201,83
royal_borough_of_windsor_and_maidenhead,223,215,150
slough,223,229,217
reading,223,244,28
surrey,224,2,95
blackburn_with_darwen,224,16,162
swindon,224,30,229
bath_and_north_east_somerset,224,45,40
wiltshire,224,59,107
calderdale,224,73,174
kirklees,224,87,241
nottingham,224,102,52
leicester,224,116,119
derby,224,130,186
mukono,224,144,253
buikwe,224,159,64
nakapiripirit,224,173,131
kween,224,187,198
buhweju,224,202,9
sheema,224,216,76
mitooma,224,230,143
bushenyi,224,244,210
bulambuli,225,3,21
sironko,225,17,88
bugiri,225,31,155
nwoya,225,45,222
mbale,225,60,33
budaka,225,74,100
butaleja,225,88,167
kibuku,225,102,234
napak,225,117,45
kumi,225,131,112
ngora,225,145,179
bukedea,225,159,246
namutumba,225,174,57
kutahya,225,188,124
konya,225,202,191
karaman,225,217,2
nigde,225,231,69
kayseri,225,245,136
isparta,226,3,203
manisa,226,18,14
denizli,226,32,81
burdur,226,46,148
aksaray,226,60,215
nevsehir,226,75,26
yozgat,226,89,93
kirsehir,226,103,160
usak,226,117,227
erzincan,226,132,38
tunceli,226,146,105
afyonkarahisar,226,160,172
kinkkale,226,174,239
k_maras,226,189,50
mus,226,203,117
erzurum,226,217,184
malatya,226,231,251
elazig,226,246,62
bitlis,227,4,129
bingol,227,18,196
abia,227,33,7
ebonyi,227,47,74
anambra,227,61,141
edo,227,75,208
bauchi,227,90,19
plateau,227,104,86
nassarawa,227,118,153
gombe,227,132,220
enugu,227,147,31
kogi,227,161,98
osun,227,175,165
imo,227,189,232
osmaniye,227,204,43
adiyaman,227,218,110
diyarbakir,227,232,177
batman,227,246,244
siirt,228,5,55
bayburt,228,19,122
gumushane,228,33,189
singida,228,48,0
tabora,228,62,67
iringa,228,76,134
mwanza,228,90,201
simiyu,228,105,12
geita,228,119,79
shinyanga,228,133,146
ratnapura,228,147,213
monaragala,228,162,24
kaegalla,228,176,91
badulla,228,190,158
matale,228,204,225
polonnaruva,228,219,36
kurunaegala,228,233,103
anuradhapura,228,247,170
nuvara_eliya,229,5,237
vavuniyava,229,20,48
mahanuvara,229,34,115
bay,229,48,182
bashkortostan,229,62,249
sverdlovsk,229,77,60
khanty-mansiy,229,91,127
lipetsk,229,105,194
tambov,229,120,5
tomsk,229,134,72
tatarstan,229,148,139
ul'yanovsk,229,162,206
penza,229,177,17
kemerovo,229,191,84
orel,229,205,151
irkutsk,229,219,218
khakass,229,234,29
mordovia,229,248,96
kaluga,230,6,163
kostroma,230,20,230
yaroslavl',230,35,41
vladimir,230,49,108
ryazan',230,63,175
ivanovo,230,77,242
nizhegorod,230,92,53
tula,230,106,120
seoul,230,120,187
daejeon,230,134,254
sejong,230,149,65
north_chungcheong,230,163,132
gwangju,230,177,199
daegu,230,192,10
chuvash,230,206,77
vologda,230,220,144
novgorod,230,234,211
tver',230,249,22
moskovsskaya,231,7,89
moskva,231,21,156
mariy-el,231,35,223
kirov,231,50,34
udmurt,231,64,101
komi,231,78,168
perm',231,92,235
samara,231,107,46
stavropol',231,121,113
adygey,231,135,180
masovian,231,149,247
lodz,231,164,58
kuyavian-pomeranian,231,178,125
greater_poland,231,192,192
swietokrzyskie,231,207,3
muntinlupa,231,221,70
caloocan,231,235,137
malabon,231,249,204
valenzuela,232,8,15
quezon_city,232,22,82
nueva_ecija,232,36,149
laguna,232,50,216
rizal,232,65,27
taguig,232,79,94
marikina,232,93,161
pasig,232,107,228
quirino,232,122,39
santiago,232,136,106
nueva_vizcaya,232,150,173
benguet,232,164,240
ifugao,232,179,51
mountain_province,232,193,118
tarlac,232,207,185
apayao,232,221,252
kalinga,232,236,63
abra,232,250,130
ad_dakhliyah,233,8,197
ekiti,233,23,8
kaduna,233,37,75
kano,233,51,142
federal_capital_territory,233,65,209
p'yongyang,233,80,20
khomas,233,94,87
oshana,233,108,154
oshikoto,233,122,221
darhan-uul,233,137,32
tov,233,151,99
arhangay,233,165,166
orhon,233,179,233
dundgovi,233,194,44
ovorhangay,233,208,111
govi-sumber,233,222,178
mexico,233,236,245
puebla,233,251,56
morelos,234,9,123
queretaro,234,23,190
hidalgo,234,38,1
guanajuato,234,52,68
san_luis_potosi,234,66,135
zacatecas,234,80,202
aguascalientes,234,95,13
durango,234,109,80
ulaanbaatar,234,123,147
tlaxcala,234,137,214
distrito_federal,234,152,25
tagant,234,166,92
zelino,234,180,159
brvenica,234,194,226
brod,234,209,37
oslomej,234,223,104
sopiste,234,237,171
karpos,234,251,238
suto_orizari,235,10,49
butel,235,24,116
cair,235,38,183
centar,235,52,250
zajas,235,67,61
dolneni,235,81,128
krivogastani,235,95,195
mogila,235,110,6
caska,235,124,73
rosoman,235,138,140
negotino,235,152,207
drugovo,235,167,18
gazi_baba,235,181,85
krusevo,235,195,152
demir_hisar,235,209,219
aerodrom,235,224,30
studenicani,235,238,97
kisela_voda,235,252,164
probistip,236,10,231
cesinovo-oblesevo,236,25,42
aracinovo,236,39,109
zelenikovo,236,53,176
kicevo,236,67,243
plasnica,236,82,54
vranestica,236,96,121
skopje,236,110,188
lozovo,236,124,255
sveti_nikole,236,139,66
gradsko,236,153,133
kratovo,236,167,200
ilinden,236,182,11
karbinci,236,196,78
stip,236,210,145
kocani,236,224,212
zrnovci,236,239,23
veles,236,253,90
demir_kapija,237,11,157
vinica,237,25,224
bosilovo,237,40,35
radovis,237,54,102
vasilevo,237,68,169
konce,237,82,236
al_jifarah,237,97,47
mizdah,237,111,114
al_jufrah,237,125,181
sabha,237,139,248
wadi_al_hayaa,237,154,59
aqmola,237,168,126
qaraghandy,237,182,193
baghdad,237,197,4
babil,237,211,71
al-qadisiyyah,237,225,138
dhi-qar,237,239,205
karbala',237,254,16
markazi,238,12,83
esfahan,238,26,150
chahar_mahall_and_bakhtiari,238,40,217
kohgiluyeh_and_buyer_ahmad,238,55,28
fars,238,69,95
kerman,238,83,162
hamadan,238,97,229
lorestan,238,112,40
yazd,238,126,107
qom,238,140,174
tehran,238,154,241
alborz,238,169,52
chhattisgarh,238,183,119
haryana,238,197,186
jasz-nagykun-szolnok,238,211,253
fejer,238,226,64
veszprem,238,240,131
tolna,238,254,198
szolnok,239,13,9
budapest,239,27,76
erd,239,41,143
heves,239,55,210
eger,239,70,21
miskolc,239,84,88
hodmezovasarhely,239,98,155
dunaujvaros,239,112,222
kecskemet,239,127,33
tatabanya,239,141,100
tbilisi,239,155,167
imereti,239,169,234
northern_savonia,239,184,45
southern_savonia,239,198,112
central_finland,239,212,179
southern_ostrobothnia,239,226,246
pirkanmaa,239,241,57
tavastia_proper,239,255,124
paijat-hame,240,13,191
dire_dawa,240,28,2
addis_ababa,240,42,69
harari_people,240,56,136
gitega,240,70,203
muramvya,240,85,14
mwaro,240,99,81
karuzi,240,113,148
bale,240,127,215
sanguie,240,142,26
tuy,240,156,93
bougouriba,240,170,160
mou_houn,240,184,227
kouritenga,240,199,38
ganzourgou,240,213,105
zoundweogo,240,227,172
ziro,240,241,239
boulkiemde,241,0,50
kadiogo,241,14,117
oubritenga,241,28,184
gourma,241,42,251
gnagna,241,57,62
bazega,241,71,129
kourweogo,241,85,196
nayala,241,100,7
passore,241,114,74
zondoma,241,128,141
namentenga,241,142,208
sanmatenga,241,157,19
bam,241,171,86
magway,241,185,153
mandalay,241,199,220
plovdiv,241,214,31
stara_zagora,241,228,98
sliven,241,242,165
shumen,242,0,232
razgrad,242,15,43
targovishte,242,29,110
gabrovo,242,43,177
pazardzhik,242,57,244
lovech,242,72,55
grad_sofiya,242,86,122
kigali_city,242,100,189
amanat_al_asimah,242,115,0
wisconsin,242,129,67
illinois,242,143,134
kentucky,242,157,201
arkansas,242,172,12
tennessee,242,186,79
west_virginia,242,200,146
indiana,242,214,213
vysocina,242,229,24
stredocesky,242,243,91
prague,243,1,158
city_of_minsk,243,15,225
kiev_city,243,30,36
tashkent,243,44,103
almaty_city,243,58,170
astana,243,72,237
stepanakert,243,87,48
damascus,243,101,115
bucharest,243,115,182
jelgava,243,129,249
daugavpils,243,144,60
rezekne,243,158,127
niamey,243,172,194
bamako,243,187,5
andorra_la_vella,243,201,72
gyor,243,215,139
szombathely,243,229,206
zalaegerszeg,243,244,17
nagykanizsa,244,2,84
veszprem,244,16,151
kaposvar,244,30,218
pecs,244,45,29
szekszard,244,59,96
szekesfehervar,244,73,163
bekescsaba,244,87,230
debrecen,244,102,41
nyiregyhaza,244,116,108
buada,244,130,175
sao_salvador_do_mundo,244,144,242
sao_lourenco_dos_orgaos,244,159,53
george_hill,244,173,120
the_quarter,244,187,187
yevlakh,244,201,254
city_of_saint_george,244,216,65
wong_tai_sin,244,230,132
moka,244,244,199
plaines_wilhems,245,3,10
beau_bassin-rose_hill,245,17,77
port_louis,245,31,144
quatre_bornes,245,45,211
vacoas-phoenix,245,60,22
curepipe,245,74,89
mont_buxton,245,88,156
saint_louis,245,102,223
les_mamelles,245,117,34
enna,245,131,101
benevento,245,145,168
asti,245,159,235
bergamo,245,174,46
brescia,245,188,113
cremona,245,202,180
mantova,245,216,247
milano,245,231,58
lecco,245,245,125
monza_e_brianza,246,3,192
lodi,246,18,3
siena,246,32,70
arezzo,246,46,137
firenze,246,60,204
vercelli,246,75,15
pavia,246,89,82
rieti,246,103,149
novara,246,117,216
alessandria,246,132,27
trento,246,146,94
vicenza,246,160,161
verona,246,174,228
treviso,246,189,39
piacenza,246,203,106
parma,246,217,173
reggio_emilia,246,231,240
modena,246,246,51
bologna,247,4,118
pistoia,247,18,185
terni,247,32,252
perugia,247,47,63
frosinone,247,61,130
avellino,247,75,197
l'aquila,247,90,8
pordenone,247,104,75
isernia,247,118,142
biella,247,132,209
prato,247,147,20
gers,247,161,87
haute-vienne,247,175,154
correze,247,189,221
tarn-et-garonne,247,204,32
tarn,247,218,99
isere,247,232,166
drome,247,246,233
aveyron,248,5,44
lot,248,19,111
indre-et-loire,248,33,178
indre,248,47,245
loir-et-cher,248,62,56
creuse,248,76,123
mayenne,248,90,190
sarthe,248,105,1
vaucluse,248,119,68
haute-marne,248,133,135
marne,248,147,202
dordogne,248,162,13
rhone,248,176,80
vosges,248,190,147
ardeche,248,204,214
loire,248,219,25
puy-de-dome,248,233,92
allier,248,247,159
loiret,249,5,226
maine-et-loire,249,20,37
aube,249,34,104
paris,249,48,171
hauts-de-seine,249,62,238
seine-saint-denis,249,77,49
val-d'oise,249,91,116
yvelines,249,105,183
charente,249,119,250
cher,249,134,61
eure-et-loir,249,148,128
haute-loire,249,162,195
cantal,249,177,6
lot-et-garonne,249,191,73
lozere,249,205,140
nievre,249,219,207
cote-d'or,249,234,18
oise,249,248,85
orne,250,6,152
haute-saone,250,20,219
saone-et-loire,250,35,30
deux-sevres,250,49,97
vienne,250,63,164
yonne,250,77,231
essonne,250,92,42
seien-et-marne,250,106,109
val-de-marne,250,120,176
dushanbe,250,134,243
luxor,250,149,54
francistown,250,163,121
lobatse,250,177,188
selebi-phikwe,250,191,255
sowa,250,206,66
naga,250,220,133
angeles,250,234,200
baguio,250,249,11
makati,251,7,78
pateros,251,21,145
mandaluyong_city,251,35,212
san_juan,251,50,23
naftalan,251,64,90
s@ki,251,78,157
leeds,251,92,224
bradford,251,107,35
wakefield,251,121,102
barnsley,251,135,169
salford,251,149,236
bolton,251,164,47
trafford,251,178,114
manchester,251,192,181
oldham,251,206,248
rochdale,251,221,59
tameside,251,235,126
bury,251,249,193
solihull,252,8,4
coventry,252,22,71
birmingham,252,36,138
sandwell,252,50,205
dudley,252,65,16
walsall,252,79,83
wolverhampton,252,93,150
durbes,252,107,217
incukalna,252,122,28
adazi,252,136,95
valmiera,252,150,162
cesu,252,164,229
ligatnes,252,179,40
jekabpils,252,193,107
palencia,252,207,174
ciudad_real,252,221,241
cordoba,252,236,52
guadalajara,252,250,119
jaen,253,8,186
madrid,253,22,253
segovia,253,37,64
valladolid,253,51,131
ihorombe,253,65,198
haute_matsiatra,253,80,9
itasy,253,94,76
suva_reka,253,108,143
urosevac,253,122,210
novo_brdo,253,137,21
obilic,253,151,88
kosovo_polje,253,165,155
lipljan,253,179,222
stimlje,253,194,33
vucitrn,253,208,100
victoria,253,222,167
fontana_gozo,253,236,234
xewkija,253,251,45
mosta,254,9,112
lija,254,23,179
attard,254,37,246
mtarfa,254,52,57
mdina,254,66,124
zebbug,254,80,191
qormi,254,95,2
swieqi,254,109,69
gharghur,254,123,136
san_gwann,254,137,203
iklin,254,152,14
birkirkara,254,166,81
balzan,254,180,148
santa_venera,254,194,215
hamrun,254,209,26
marsa,254,223,93
luqa,254,237,160
mqabba,254,251,227
kirkop,255,10,38
safi,255,24,105
ghaxaq,255,38,172
zejtun,255,52,239
fgura,255,67,50
tarxien,255,81,117
santa_lucija,255,95,184
gudja,255,109,251
paola,255,124,62
gzira,255,138,129
floriana,255,152,196
ta'_xbiex,255,167,7
isla,255,181,74
cospicua,255,195,141
pieta,255,209,208
msida,255,224,19
birgu,255,238,86
